"","Condition","Consent","Pre_Q1","Pre_Q2","Pre_Q3","Pre_Q4","Pre_Q5","Pre_Q6","Pre_Q7","Pre_Q8","Pre_Q9","Pre_Q10","Pre_Q11","Pre_Q12","Pre_Q13","Pre_Q14","Pre_Q15","Image1","Image2","Image3","Image4","Image5","Image6","Image7","Image8","Vignette","Fact1","Fact2","Fact3","Fact4","Fact5","Fact6","Fact7","Fact8","Post_Q1","Post_Q2","Post_Q3","Post_Q4","Post_Q5","Post_Q6","Post_Q7","Post_Q8","Post_Q9","Post_Q10","Post_Q11","Post_Q12","Post_Q13","Post_Q14","Post_Q15","Behavior_CleanUp","Manipulation_Check","Animal_Age","Participant_Age","Participant_Gender","Behavior_Image1","Behavior_Image2","Behavior_Image3","Behavior_Image4","Behavior_Image"
"1",1,1,5,2,5,6,7,5,7,6,5,2,2,1,2,1,7,5,5,6,5,7,5,7,6,2,2,2,1,1,2,1,2,1,1,1,3,2,5,7,5,6,5,1,3,1,2,1,7,1,2,1,"19","Female",1,1,2,4,1
"2",1,1,3,3,3,4,5,1,2,1,2,3,2,3,2,2,4,4,2,4,5,6,2,6,2,3,2,2,1,1,2,2,1,1,2,3,4,6,4,5,4,5,5,3,3,6,4,2,4,2,2,1,"20","Male",1,1,1,4,1
"3",1,1,6,7,6,7,6,7,6,7,7,6,7,6,7,6,7,6,7,7,6,6,6,7,6,7,1,2,1,2,2,1,2,1,5,7,6,7,7,7,6,7,6,7,6,7,6,7,6,1,2,1,"22","Female",1,1,1,4,2
"4",1,1,1,1,1,7,6,6,6,7,3,2,3,5,1,1,7,6,3,5,6,7,5,7,3,2,2,2,1,1,2,2,1,1,1,1,1,2,5,7,6,7,7,2,7,1,7,3,7,1,2,1,"23","Male",1,1,1,4,1
"5",1,1,7,7,7,1,1,1,1,1,4,7,7,4,7,7,4,1,1,1,1,1,1,7,1,1,2,2,1,1,2,1,1,1,7,4,7,7,1,1,1,1,1,1,1,7,1,7,1,2,2,1,"24","Male",1,2,1,4,2
"6",1,1,4,1,1,7,7,4,4,4,4,4,4,4,1,1,4,4,4,6,4,5,4,4,4,3,2,2,1,1,2,1,1,1,4,4,4,4,4,4,4,4,4,1,4,4,4,4,4,2,2,1,"24","Male",1,1,1,4,1
"7",1,1,5,5,6,5,7,6,6,5,4,7,6,6,5,7,6,5,6,6,5,7,5,5,6,6,1,1,1,1,1,2,1,1,4,6,5,7,6,6,7,5,6,6,4,3,6,4,6,2,2,1,"25","Female",2,2,2,7,2
"8",1,1,1,1,2,6,7,6,6,7,2,4,1,6,1,7,6,6,5,7,6,7,4,7,2,3,2,2,1,1,2,1,1,1,1,1,1,1,7,7,7,1,6,1,7,1,6,1,6,2,2,1,"26","Male",2,1,1,4,1
"9",1,1,7,5,7,6,7,4,7,6,7,5,7,4,7,5,7,6,5,7,6,5,4,2,3,7,1,2,1,1,1,1,1,1,7,5,7,6,7,5,7,5,7,6,7,5,6,7,6,1,2,1,"27","Male",2,1,2,4,2
"10",1,1,6,6,6,3,3,1,2,1,7,7,6,2,5,5,1,5,2,6,2,7,2,7,3,1,2,2,1,1,2,1,1,1,3,3,6,3,6,5,6,6,6,2,6,2,6,1,6,1,2,1,"28","Male",2,1,1,4,1
"11",1,1,5,4,6,5,4,3,5,4,3,2,3,4,3,2,4,2,5,5,4,7,4,7,5,6,1,1,1,1,1,1,2,1,6,3,4,5,4,6,5,4,3,4,4,3,5,2,4,1,2,1,"28","Male",1,2,1,4,1
"12",1,1,6,4,5,4,4,4,4,4,4,4,7,6,5,4,4,7,4,4,7,4,7,1,7,7,1,1,1,1,1,1,2,1,1,3,6,4,2,6,1,6,2,6,3,7,2,7,4,1,2,1,"30","Male",1,1,1,4,1
"13",1,1,4,3,1,6,7,3,5,1,4,7,3,2,7,2,4,6,6,5,5,5,6,6,5,7,2,2,1,1,2,1,1,2,2,6,5,1,4,1,5,2,2,4,7,7,1,5,6,2,2,1,"30","Male",2,1,1,4,1
"14",1,1,1,1,1,7,7,7,7,7,5,5,6,5,1,1,6,7,1,7,1,7,4,7,4,1,2,2,1,1,1,1,1,1,1,5,7,1,5,7,7,5,7,1,5,1,7,5,7,2,2,1,"30","Male",1,1,1,4,1
"15",1,1,2,3,3,5,4,3,2,5,3,4,3,3,2,3,5,5,3,5,3,4,3,6,3,3,2,2,1,1,2,1,2,1,3,3,6,4,3,5,5,4,6,3,2,6,5,3,5,2,2,1,"31","Male",2,1,1,7,2
"16",1,1,3,3,3,5,6,5,5,5,4,3,3,4,2,2,5,5,2,4,2,6,2,7,2,3,2,2,1,1,2,2,1,1,3,3,5,3,5,6,5,5,5,2,4,3,5,3,6,2,2,1,"31","Male",1,1,1,4,1
"17",1,1,3,4,4,6,7,6,7,7,3,4,5,5,3,3,3,5,3,6,3,7,5,7,3,2,1,2,1,1,2,1,1,1,1,5,4,1,5,4,6,3,4,3,5,1,4,5,5,2,2,1,"32","Male",1,1,1,4,2
"18",1,1,5,4,4,5,6,5,4,5,6,4,4,5,5,6,4,5,4,5,5,4,4,5,5,4,1,1,1,1,1,2,2,2,6,3,4,5,3,5,5,4,6,6,4,4,6,6,5,2,2,2,"32","Male",2,2,1,7,2
"19",1,1,5,5,5,5,5,6,5,4,5,5,4,5,4,4,6,6,6,4,4,4,6,3,5,4,1,1,1,1,1,1,1,1,2,4,4,5,4,4,5,4,4,2,4,3,4,4,3,1,2,3,"33","Female",1,2,1,4,2
"20",1,1,1,1,1,7,7,7,7,7,7,1,1,7,1,1,2,7,5,7,5,7,5,7,5,1,1,2,1,1,2,1,2,1,1,1,1,1,7,7,7,7,1,1,7,1,7,1,7,1,2,1,"33","Female",1,1,1,4,1
"21",1,1,6,7,6,7,6,7,6,7,6,7,6,7,6,7,6,6,6,7,6,7,6,7,6,7,1,1,1,1,1,1,1,1,6,7,6,7,6,7,6,7,6,7,6,7,6,7,6,1,2,1,"33","Male",2,1,1,7,2
"22",1,1,7,6,6,7,7,5,6,7,6,5,7,6,7,6,7,7,6,6,7,6,6,6,6,7,1,1,1,1,1,1,1,1,6,7,6,7,6,7,6,5,6,7,6,7,6,7,6,1,2,1,"34","Male",1,2,2,4,2
"23",1,1,7,7,6,7,6,7,7,6,7,7,6,7,7,7,6,6,6,6,6,6,6,6,6,6,1,1,1,1,1,1,1,1,7,6,7,6,7,6,7,7,6,7,7,7,7,6,7,1,2,1,"35","Male",1,2,1,4,1
"24",1,1,6,6,5,6,7,7,6,6,7,6,7,4,6,5,4,6,6,5,5,7,6,5,6,6,2,1,1,1,2,1,1,1,6,6,5,6,4,3,6,6,4,3,5,4,3,2,3,1,2,1,"35","Female",2,1,2,4,1
"25",1,1,6,7,5,6,5,6,5,6,7,6,4,5,6,7,5,7,6,5,7,5,7,6,5,6,1,1,1,1,1,1,2,1,6,5,7,5,6,7,5,6,7,6,4,5,6,7,6,1,2,2,"35","Male",1,1,1,4,1
"26",1,1,5,6,5,6,4,5,6,5,4,5,5,4,5,5,4,5,5,5,5,5,5,5,5,5,1,2,1,2,2,1,1,1,5,6,4,5,5,5,4,5,6,5,6,4,6,6,5,1,2,2,"36","Male",1,1,1,7,1
"27",1,1,1,1,1,6,7,6,7,6,5,2,6,2,2,2,7,6,4,6,4,5,4,7,4,2,2,2,1,1,2,2,1,1,1,1,6,2,4,6,4,5,6,2,6,1,4,2,5,2,2,1,"36","Female",1,1,1,4,1
"28",1,1,1,1,1,7,7,7,7,7,3,3,5,4,1,1,7,5,6,4,5,7,6,7,6,5,2,2,2,2,1,1,1,1,1,7,1,1,7,7,7,7,7,1,7,1,7,7,7,1,2,1,"37","Female",1,1,1,4,1
"29",1,1,6,5,4,7,6,5,6,5,4,7,6,6,4,5,6,7,2,7,3,7,2,7,3,6,1,1,1,1,1,1,1,1,7,5,4,6,5,4,5,4,6,5,4,5,4,6,5,1,2,1,"37","Female",1,1,1,7,1
"30",1,1,5,1,3,4,6,1,5,4,6,7,7,2,4,7,3,3,4,5,6,7,6,7,5,2,2,2,1,1,2,1,1,1,5,4,3,6,4,3,4,1,5,2,3,4,3,7,1,2,2,1,"37","Male",2,1,2,4,1
"31",1,1,1,1,1,7,7,7,7,7,4,4,2,2,1,1,4,7,7,7,7,7,7,7,7,7,2,2,1,1,2,1,1,1,1,4,7,1,4,7,7,6,7,1,4,1,7,4,7,2,2,1,"37","Male",1,1,1,4,1
"32",1,1,3,2,2,6,7,6,7,6,3,1,2,5,1,1,7,7,6,7,5,7,6,7,6,3,2,2,2,1,2,1,1,1,3,1,5,2,6,7,6,7,6,2,5,3,5,1,7,2,2,1,"52","Female",2,1,1,4,1
"33",1,1,5,6,5,4,5,6,6,5,5,6,6,5,4,3,5,6,5,5,6,5,6,4,4,5,1,1,1,1,2,2,2,1,5,6,5,4,5,6,6,5,5,4,5,6,5,5,6,1,2,3,"52","Male",2,1,1,4,2
"34",1,1,2,2,1,4,5,5,4,4,3,3,2,2,2,2,6,5,4,5,4,5,4,5,4,4,2,2,1,1,2,2,2,1,3,2,6,3,3,6,5,4,5,2,4,3,5,4,6,1,2,1,"56","Male",1,1,2,4,1
"35",1,1,1,1,1,7,7,7,7,7,2,2,1,6,1,1,7,7,7,7,7,7,7,7,7,4,2,2,1,1,1,2,1,1,1,7,7,1,2,7,1,7,7,1,7,1,7,1,7,1,2,3,"77","Female",2,1,1,4,1
"36",1,1,1,1,1,7,7,7,7,7,1,1,1,7,1,1,7,7,6,7,6,7,6,7,6,5,2,2,1,1,2,1,1,1,1,1,7,1,7,7,7,7,7,1,7,1,7,1,7,1,2,1,"54","Female",1,1,1,4,1
"37",1,1,1,1,1,7,7,6,7,7,5,1,5,7,1,1,7,6,5,6,5,7,5,7,6,3,1,1,2,1,2,1,2,2,1,1,7,1,7,7,7,6,7,1,7,1,7,1,7,1,2,1,"30","Male",1,1,1,4,1
"38",1,1,6,4,5,4,5,4,6,5,5,6,5,6,5,6,5,6,4,5,6,6,5,5,4,6,1,2,2,1,2,2,2,2,6,5,6,5,6,5,6,5,6,5,6,5,6,4,6,1,2,3,"35","Male",1,2,1,7,1
"39",2,1,2,2,2,6,7,5,1,5,2,5,5,2,2,4,2,6,1,6,1,7,1,7,1,2,2,2,1,1,2,2,2,1,3,5,6,2,2,6,6,5,7,1,3,2,7,6,4,1,2,1,"20","Male",1,1,1,4,1
"40",2,1,5,3,3,5,7,3,5,3,3,3,3,7,1,1,7,7,7,7,6,3,7,3,7,5,1,2,1,1,2,2,1,1,3,1,3,3,7,7,7,7,7,1,6,3,5,1,7,1,2,1,"22","Male",1,1,1,4,1
"41",2,1,7,6,7,6,7,6,7,6,7,6,7,6,7,6,7,7,6,6,7,7,6,7,7,7,1,2,1,2,1,2,1,2,7,6,7,6,7,6,7,6,7,6,7,6,7,6,7,1,2,1,"22","Female",1,1,2,4,2
"42",2,1,4,4,4,4,4,4,4,4,4,4,4,4,4,4,4,7,4,6,4,7,4,7,4,7,2,2,1,1,2,2,1,1,1,3,6,2,6,6,6,5,7,3,6,1,6,4,6,1,2,1,"22","Female",1,1,1,1,1
"43",2,1,4,4,4,4,4,4,4,4,4,4,4,4,4,4,4,4,4,4,4,6,5,4,4,6,1,1,2,2,1,1,2,2,4,4,4,4,4,4,4,4,4,4,4,4,4,4,4,1,2,1,"23","Female",1,1,1,4,1
"44",2,1,6,5,6,7,6,5,7,5,4,6,5,6,7,5,6,5,4,5,5,4,5,5,5,5,1,1,2,1,1,2,1,1,5,6,7,6,5,6,7,6,5,6,7,6,5,7,6,1,2,1,"25","Male",3,1,1,5,2
"45",2,1,4,1,6,6,7,4,2,7,5,3,2,4,2,4,6,7,7,7,4,5,7,7,7,7,2,1,2,1,2,2,1,1,4,4,5,1,4,7,2,7,2,6,1,4,3,1,3,1,2,1,"25","Male",3,1,1,4,1
"46",2,1,3,7,6,4,7,6,6,5,6,3,5,6,2,6,7,5,6,5,2,7,7,6,5,7,2,2,1,1,2,1,1,1,2,2,5,1,6,6,6,6,6,1,5,1,2,5,4,2,2,1,"25","Male",3,1,1,4,1
"47",2,1,6,7,6,6,7,6,7,6,6,7,5,6,7,6,7,7,6,7,6,7,7,6,5,7,2,1,1,2,1,1,2,1,7,6,7,6,5,7,6,7,6,7,5,6,7,7,6,1,2,1,"25","Female",3,1,1,5,2
"48",2,1,5,7,5,3,5,2,5,2,3,2,3,2,5,3,4,6,5,6,5,6,5,3,6,6,1,2,1,2,1,2,1,2,6,3,6,3,6,3,5,3,3,5,2,6,3,5,3,2,2,1,"28","Male",3,1,2,4,1
"49",2,1,1,1,1,7,7,7,7,7,4,1,4,4,1,1,4,7,7,7,7,7,7,7,7,7,1,2,1,1,2,2,1,1,1,4,7,1,4,7,7,4,7,1,4,4,7,4,7,2,2,1,"28","Male",1,1,1,4,1
"50",2,1,2,2,2,7,7,6,6,6,6,3,5,2,2,2,3,5,3,5,3,6,3,5,3,4,2,2,2,1,2,1,1,1,1,5,7,2,4,7,6,5,7,2,5,1,7,2,6,1,2,1,"29","Male",1,1,1,4,1
"51",2,1,1,1,1,6,5,5,6,5,6,5,7,1,1,2,3,3,5,4,2,6,5,7,5,5,2,2,1,1,2,1,1,1,2,6,7,3,2,7,5,2,7,2,3,2,7,7,6,2,2,1,"29","Female",1,1,1,4,1
"52",2,1,5,6,4,5,6,3,4,6,5,3,4,6,3,4,6,5,3,6,2,7,2,7,2,6,1,2,1,1,2,1,2,1,4,6,3,4,5,6,4,5,6,2,4,2,4,5,4,2,2,1,"29","Female",1,1,1,4,1
"53",2,1,5,5,5,5,5,5,5,5,5,5,5,5,5,5,5,6,5,5,5,6,5,5,5,5,2,2,1,1,2,1,1,1,4,4,4,4,4,4,4,4,4,4,4,4,4,4,4,2,2,1,"29","Male",3,1,1,4,2
"54",2,1,4,3,7,3,2,3,3,6,7,1,6,3,3,6,5,5,5,4,3,5,4,7,5,6,2,1,2,2,2,1,2,1,1,6,6,6,4,5,3,2,2,3,1,6,5,3,4,2,2,1,"30","Male",3,1,2,5,2
"55",2,1,5,5,6,6,5,6,5,4,6,5,6,6,6,5,7,7,7,7,7,7,7,7,7,7,2,1,1,2,1,2,1,1,7,6,5,5,6,6,6,6,7,6,5,7,7,6,5,1,2,2,"30","Male",3,2,1,4,2
"56",2,1,1,1,2,7,7,5,3,6,3,1,2,3,2,2,5,6,4,6,3,7,2,6,4,7,2,2,1,1,2,1,2,1,1,1,7,2,7,5,6,6,7,1,6,1,7,1,5,1,2,1,"31","Female",1,1,1,4,1
"57",2,1,3,4,5,6,7,6,5,4,3,2,3,4,5,5,6,6,6,5,4,4,3,2,1,6,1,1,1,2,2,1,1,1,2,3,5,6,7,6,5,4,3,2,1,2,3,4,5,1,2,1,"32","Male",3,1,1,5,1
"58",2,1,1,1,1,6,1,5,4,5,3,4,2,4,1,2,5,7,4,6,5,7,5,7,4,6,1,2,1,1,2,1,1,1,4,1,1,1,4,7,7,4,4,1,4,4,5,3,6,1,2,1,"32","Male",1,1,1,4,1
"59",2,1,1,1,1,5,6,6,5,5,5,4,5,3,2,2,3,7,5,7,6,7,5,7,5,7,1,2,1,1,1,1,2,2,2,2,1,4,4,6,7,6,7,1,6,3,6,5,5,2,1,1,"33","Male",1,1,1,4,1
"60",2,1,1,1,1,7,5,3,5,3,4,4,4,1,4,1,4,1,4,4,4,5,4,6,4,5,2,2,1,1,2,1,2,1,5,4,7,5,1,7,7,4,7,1,7,1,7,4,7,2,2,1,"33","Female",1,1,1,4,1
"61",2,1,4,4,5,5,5,3,4,4,5,5,4,4,5,5,3,4,4,4,4,4,4,4,4,4,2,2,2,1,2,1,2,1,4,4,4,4,4,4,4,4,4,4,4,4,4,4,4,1,2,1,"34","Male",1,1,1,4,1
"62",2,1,6,4,7,1,2,1,1,1,2,3,5,1,5,5,7,5,4,6,2,7,4,7,1,6,2,2,1,1,2,1,1,1,6,1,5,2,3,2,2,4,2,5,1,6,4,6,5,2,2,1,"34","Male",3,1,1,4,2
"63",2,1,7,3,6,4,7,7,6,7,3,3,4,3,2,5,7,7,4,6,3,7,6,7,4,7,1,2,1,2,1,1,2,1,1,1,7,2,2,5,7,7,7,2,6,1,5,6,6,1,2,2,"34","Male",1,1,1,4,1
"64",2,1,5,6,7,6,5,6,5,4,5,6,5,4,6,5,4,5,7,6,7,7,5,5,6,6,1,1,1,1,2,2,1,1,5,6,5,6,7,6,5,6,7,6,5,6,7,6,5,1,2,3,"35","Female",1,1,1,5,1
"65",2,1,7,7,7,6,7,7,7,7,7,7,7,6,7,7,7,6,6,6,6,6,6,6,6,6,1,1,1,1,1,1,1,1,7,6,6,6,6,6,6,6,6,7,5,7,6,7,7,1,2,1,"35","Male",3,2,2,5,2
"66",2,1,6,7,6,6,6,7,7,6,6,7,7,7,7,6,7,6,5,6,7,5,6,5,5,6,1,1,1,1,1,1,1,1,5,6,6,7,6,6,7,6,6,7,6,7,6,5,6,1,2,1,"35","Male",3,1,1,4,2
"67",2,1,6,7,6,5,6,7,5,6,5,6,7,6,5,6,6,6,5,6,6,5,6,5,6,6,1,1,1,1,1,1,1,1,5,6,5,6,5,6,5,6,5,6,5,6,5,6,5,1,2,1,"36","Male",3,1,1,5,1
"68",2,1,1,1,1,7,7,6,7,6,2,1,1,4,1,2,7,7,1,7,2,7,1,7,1,5,2,2,1,1,2,1,1,1,1,1,7,2,5,2,7,7,7,1,6,1,7,1,4,2,2,1,"37","Male",1,1,1,4,1
"69",2,1,2,1,2,5,6,2,4,4,5,1,2,7,1,2,6,2,1,1,1,3,1,4,1,3,2,2,1,1,2,1,1,1,3,2,6,3,5,2,5,7,6,3,4,3,5,2,6,2,2,1,"39","Male",1,1,1,4,1
"70",2,1,1,1,1,7,7,7,7,7,6,1,6,5,1,1,7,7,7,7,7,7,7,7,5,3,2,2,2,1,2,2,2,1,1,1,7,1,7,7,7,3,7,1,1,1,3,5,3,2,2,1,"39","Female",1,1,1,4,1
"71",2,1,7,4,7,1,1,1,1,1,4,7,7,1,7,7,1,1,1,1,1,1,1,1,1,4,2,2,1,1,1,2,2,2,7,7,1,7,1,1,1,1,4,7,1,7,1,7,1,2,2,1,"40","Male",1,2,2,5,2
"72",2,1,1,1,1,6,6,6,5,5,5,4,4,4,3,3,4,3,3,4,3,5,4,2,4,5,2,2,1,1,1,1,1,1,2,4,6,3,6,6,6,4,5,2,4,2,6,4,6,2,2,1,"41","Female",1,1,1,4,1
"73",2,1,2,1,3,5,7,5,5,4,4,6,4,3,2,3,6,6,3,5,3,7,4,7,4,5,2,2,1,1,2,2,1,1,3,1,5,3,4,5,6,6,7,1,4,3,6,4,6,1,2,1,"44","Male",1,1,2,4,1
"74",2,1,6,6,6,6,7,6,7,6,6,7,7,7,7,7,7,1,7,1,6,2,6,1,7,6,1,1,1,1,1,1,1,1,5,6,6,6,6,7,6,7,6,6,6,6,7,6,6,1,2,2,"45","Male",3,1,1,4,1
"75",2,1,5,6,7,7,6,7,6,7,6,7,6,7,5,7,6,6,6,7,6,7,6,7,7,7,2,1,1,1,1,1,1,1,2,6,7,5,4,3,6,5,7,4,5,6,5,6,7,1,2,1,"47","Female",1,1,1,4,1
"76",2,1,6,7,5,6,4,5,6,7,6,4,5,6,7,6,5,7,4,6,7,1,4,1,4,7,1,2,1,1,2,1,2,1,6,7,5,6,4,7,6,5,6,7,5,3,4,1,7,1,2,3,"50","Female",3,2,1,4,1
"77",2,1,4,3,3,4,4,4,4,4,4,3,5,3,2,2,3,5,4,5,4,6,4,7,5,6,1,2,1,1,2,2,1,1,4,4,5,4,4,6,5,5,6,2,6,3,4,5,5,2,2,1,"51","Female",3,2,2,5,1
"78",2,1,3,2,2,6,7,5,5,5,3,2,2,6,2,3,6,6,4,6,5,6,3,7,3,6,2,2,1,1,2,1,1,1,2,2,6,2,6,6,6,6,7,1,6,2,6,2,6,1,2,1,"53","Male",1,1,1,4,1
"79",2,1,6,7,6,7,6,6,7,6,7,7,6,6,7,7,6,7,6,7,7,6,6,6,6,6,1,2,1,1,1,2,1,1,5,7,6,7,6,7,7,6,7,6,7,6,7,6,6,1,2,2,"61","Male",1,2,2,5,1
"80",2,1,3,6,2,5,6,6,4,5,6,4,5,4,5,5,4,4,5,6,3,5,4,1,5,4,1,2,1,1,1,1,1,1,5,3,6,4,4,5,4,4,6,6,4,5,3,3,6,2,2,1,"32","Male",1,1,1,4,1
"81",2,1,1,2,2,6,6,6,6,7,6,6,7,4,3,4,6,5,5,5,5,5,6,5,6,5,2,2,1,1,2,2,1,1,2,1,6,2,5,5,6,5,5,2,6,2,5,3,5,2,2,1,"53","Male",1,1,1,4,1
"82",3,1,5,4,4,5,3,4,5,4,6,4,6,4,5,4,5,6,5,6,3,7,6,5,3,6,1,2,1,2,2,1,1,2,5,2,5,4,3,5,3,6,4,3,5,3,7,6,5,1,1,2,"23","Male",2,1,1,4,1
"83",3,1,4,5,5,6,6,5,4,6,6,5,5,4,4,6,6,7,4,7,5,7,3,7,2,6,1,2,2,1,2,1,1,1,4,3,3,2,3,4,5,4,5,5,4,5,5,4,6,1,1,2,"24","Female",1,1,1,4,1
"84",3,1,6,5,7,7,6,5,1,5,5,6,1,7,7,1,6,7,3,7,3,5,2,6,7,7,2,1,2,1,1,1,1,2,3,1,3,7,1,7,6,7,2,7,6,5,2,2,1,1,1,1,"25","Male",1,1,1,4,1
"85",3,1,7,5,7,5,6,7,4,5,7,6,5,4,6,7,6,7,5,7,2,7,1,7,1,7,1,2,1,1,1,2,2,1,5,6,7,5,7,6,5,6,7,6,7,5,7,6,7,1,1,2,"26","Male",2,1,1,4,1
"86",3,1,1,1,1,7,7,5,7,5,7,3,1,3,3,2,4,2,1,2,1,4,1,4,1,4,2,2,1,1,2,1,1,1,3,4,7,3,3,5,7,5,7,1,3,3,7,1,5,2,1,1,"27","Male",1,1,1,4,1
"87",3,1,3,2,2,6,5,1,4,3,3,2,6,3,4,3,3,3,5,6,2,7,4,6,4,5,2,1,1,1,1,1,1,1,5,4,7,6,5,5,5,5,7,2,4,4,6,7,6,1,1,1,"28","Male",2,1,1,4,1
"88",3,1,2,1,1,7,7,3,7,7,1,1,2,6,1,1,7,7,1,6,1,7,1,7,1,7,2,2,1,1,2,2,1,1,1,1,1,1,6,7,7,1,6,1,4,1,2,1,7,1,1,2,"29","Male",1,1,1,4,1
"89",3,1,7,6,7,6,7,7,6,7,7,6,7,6,7,6,7,7,7,7,7,6,7,6,7,7,1,1,1,1,1,1,1,1,7,6,7,6,7,6,7,6,7,6,7,6,7,6,7,1,1,1,"29","Male",1,1,2,4,1
"90",3,1,7,7,7,7,7,7,7,7,7,7,7,7,7,7,7,7,7,7,7,7,7,7,7,7,1,1,1,1,1,1,1,1,7,7,7,7,7,7,7,7,7,7,7,7,7,7,7,1,1,1,"30","Male",1,1,2,4,1
"91",3,1,1,1,1,4,7,2,7,2,7,7,5,1,1,5,7,7,1,7,1,7,1,7,1,7,2,1,1,1,1,1,1,1,6,1,7,1,1,7,7,1,7,1,5,1,7,2,6,2,1,1,"31","Female",1,1,1,4,1
"92",3,1,2,1,2,7,7,6,7,6,1,6,7,6,1,7,6,7,4,7,5,7,5,7,1,7,1,1,1,2,1,1,1,1,1,1,7,1,1,7,6,1,7,1,7,1,7,1,7,1,1,1,"31","Male",1,1,1,4,1
"93",3,1,5,6,7,5,4,2,1,2,4,5,6,7,6,5,4,7,6,5,4,3,2,1,4,4,1,1,1,1,1,1,2,2,6,5,4,3,2,2,3,4,5,6,7,6,5,4,3,1,1,1,"32","Female",1,1,1,4,2
"94",3,1,5,3,2,3,5,2,3,3,5,2,3,2,2,2,2,1,2,3,4,5,6,7,4,5,1,1,1,2,2,2,1,1,2,2,2,3,2,3,2,2,2,2,3,3,3,2,2,1,1,1,"32","Female",1,1,1,5,1
"95",3,1,5,6,4,5,7,4,5,7,3,6,5,7,5,6,4,1,7,1,6,1,6,5,6,6,1,2,2,1,1,1,1,1,5,6,5,6,5,6,5,6,5,6,5,6,5,6,5,1,1,1,"32","Male",1,2,1,5,1
"96",3,1,5,1,5,2,3,1,6,1,4,1,3,1,1,1,7,7,5,6,1,7,3,4,3,6,2,2,1,1,2,2,1,1,4,7,3,5,1,7,2,6,5,2,1,1,5,3,7,1,1,1,"33","Male",1,1,1,4,1
"97",3,1,2,1,1,6,7,2,5,6,3,4,4,5,2,3,3,5,4,5,3,7,3,7,3,5,2,2,1,1,2,1,1,1,3,4,7,2,5,5,6,5,6,1,4,2,6,3,5,2,1,2,"34","Female",1,1,1,4,1
"98",3,1,6,6,6,6,6,6,6,6,6,6,6,6,6,6,6,6,6,6,6,6,6,3,6,6,1,1,1,1,1,1,1,1,6,6,5,6,6,6,6,6,5,6,5,6,6,5,6,1,1,3,"34","Male",1,1,1,4,1
"99",3,1,6,7,6,5,7,6,7,5,6,7,6,5,6,6,5,5,6,6,5,6,5,6,6,7,1,2,1,1,2,1,1,2,6,7,6,5,6,5,6,5,6,4,6,7,5,6,5,1,1,1,"35","Male",1,1,1,5,1
"100",3,1,6,7,6,7,6,7,6,7,6,7,6,7,6,5,6,7,6,7,6,7,6,6,6,6,1,1,1,1,2,1,2,1,6,7,6,7,6,5,6,7,6,5,6,7,5,6,7,1,1,1,"35","Male",1,1,1,5,2
"101",3,1,5,5,5,6,5,6,5,6,5,6,6,3,3,5,4,5,5,6,5,6,4,5,5,6,1,1,1,2,1,1,1,1,4,4,3,2,4,3,2,3,5,3,4,3,2,5,5,1,1,1,"35","Female",2,1,1,5,2
"102",3,1,7,6,7,5,7,6,6,6,6,7,6,6,7,6,6,7,7,7,7,7,7,7,7,7,1,1,1,1,1,1,1,1,6,6,7,7,6,7,6,7,6,6,7,6,7,7,6,1,1,1,"35","Male",2,2,2,5,2
"103",3,1,2,3,3,5,6,3,5,5,4,4,5,3,5,5,3,4,5,5,3,6,5,5,4,5,2,1,1,1,2,1,1,1,3,5,5,4,3,3,5,5,5,5,4,3,5,5,3,2,1,1,"38","Male",1,1,1,4,1
"104",3,1,7,1,1,4,7,4,4,2,2,2,2,3,2,3,2,7,4,7,5,7,1,7,1,5,2,2,1,1,2,1,1,2,4,4,4,4,4,4,4,4,3,3,5,4,4,4,4,1,1,2,"38","Male",1,1,1,4,1
"105",3,1,7,6,7,6,5,7,7,6,7,5,7,6,7,6,7,7,6,7,6,7,6,7,7,7,2,1,1,1,1,1,2,1,7,6,7,5,6,4,5,4,5,4,5,4,4,6,4,1,1,1,"38","Female",1,1,1,4,1
"106",3,1,2,3,4,5,6,7,6,5,4,3,2,1,2,3,4,6,6,5,5,7,7,4,6,6,1,2,1,2,1,2,1,2,2,3,4,5,6,7,6,5,4,3,2,1,2,3,4,1,1,1,"38","Female",1,2,1,5,1
"107",3,1,6,5,7,1,1,1,1,1,1,1,7,1,6,7,1,6,2,7,2,6,1,6,1,4,2,1,1,1,1,1,1,1,5,7,1,7,1,1,4,1,1,4,1,5,1,7,1,2,1,2,"40","Female",1,2,1,4,2
"108",3,1,1,1,1,7,7,7,7,7,4,1,1,6,1,1,7,7,4,5,2,7,4,7,3,5,2,2,1,1,1,2,1,1,1,1,7,1,7,7,7,7,7,1,4,1,7,1,7,1,1,1,"45","Male",1,1,1,4,1
"109",3,1,3,2,1,6,7,5,5,5,2,2,3,4,1,3,7,6,4,6,5,6,4,6,3,6,1,2,1,1,2,2,2,1,2,1,6,2,4,7,7,6,6,1,6,2,3,2,3,1,1,1,"45","Female",1,1,1,4,1
"110",3,1,1,1,1,7,7,7,7,7,2,1,1,7,1,4,7,7,7,7,7,7,5,7,5,7,2,2,1,1,1,1,1,2,1,1,7,1,7,7,7,7,7,1,7,1,7,1,7,2,1,1,"47","Male",1,1,1,4,1
"111",3,1,3,3,2,4,4,4,4,4,4,5,5,4,1,3,3,6,6,7,5,7,6,7,5,4,2,2,1,1,1,2,1,1,4,7,4,4,5,6,4,3,4,4,4,4,5,5,5,2,1,1,"53","Male",1,1,1,4,1
"112",3,1,3,1,1,4,7,5,5,6,2,5,1,4,3,3,7,6,7,7,4,7,5,7,4,5,2,2,1,1,2,2,1,1,2,1,5,1,5,5,7,6,5,1,5,3,5,1,5,1,1,1,"57","Male",1,1,1,4,1
"113",3,1,3,2,4,5,5,3,4,3,3,2,6,2,5,6,5,6,4,5,6,7,7,6,4,3,2,2,1,1,2,2,1,1,5,5,6,4,2,3,5,2,5,3,2,4,4,6,2,2,1,1,"58","Female",2,1,1,4,2
"114",3,1,1,1,2,7,6,5,4,2,2,5,6,2,2,1,3,7,5,7,6,7,6,7,6,5,2,2,1,1,2,1,1,2,4,2,7,5,3,7,7,3,7,1,3,4,7,7,7,2,1,3,"70","Female",1,1,1,4,1
"115",3,1,4,2,2,4,4,5,6,6,4,2,1,3,2,2,5,6,6,6,7,7,6,7,7,6,1,2,1,1,2,2,1,1,2,4,5,2,5,5,5,5,5,5,6,2,3,1,5,2,1,1,"62","Male",1,1,2,4,1
"116",3,1,1,1,2,7,7,6,7,7,1,1,2,1,2,1,7,7,2,7,6,7,5,7,3,7,1,1,1,1,1,1,1,1,1,1,1,2,2,7,7,6,7,1,7,1,1,7,7,1,1,1,"45","Male",1,1,1,4,1
"117",3,1,1,1,1,7,7,7,7,7,6,1,1,7,1,2,7,5,3,7,3,7,5,5,2,6,2,1,1,1,1,2,1,1,1,1,7,1,7,7,7,7,7,1,5,1,7,1,7,2,1,1,"50","Male",1,1,1,4,1
"118",3,1,7,5,5,4,6,3,6,5,5,6,4,7,6,6,5,6,7,3,7,2,1,3,6,7,2,1,2,1,1,1,2,1,1,6,5,5,3,4,3,3,5,1,6,5,5,2,4,1,1,1,"50","Male",1,1,1,4,1
"119",3,1,4,5,6,3,5,5,6,5,6,5,4,3,5,5,6,5,5,6,4,6,5,3,5,6,1,2,1,1,2,1,2,1,5,6,4,5,5,6,5,6,6,5,6,5,6,5,6,1,1,1,"30","Female",2,1,2,5,2
"120",4,1,6,7,6,6,6,6,7,6,6,5,6,5,6,6,7,6,6,6,6,6,6,6,6,6,1,1,1,1,1,1,1,1,6,7,6,6,6,6,7,6,7,6,5,6,6,7,5,1,1,1,"20","Male",1,1,1,5,2
"121",4,1,4,4,4,4,4,4,4,4,4,4,4,4,4,4,4,6,4,6,4,5,4,5,4,4,1,1,2,2,1,1,2,2,4,4,4,4,4,4,4,4,4,4,4,4,4,4,4,1,1,1,"23","Female",1,1,1,5,1
"122",4,1,2,2,3,4,7,1,2,1,5,2,7,2,5,5,7,7,5,7,5,7,3,7,5,7,2,1,2,1,1,2,1,1,6,3,2,7,4,7,5,3,6,3,3,4,5,5,5,2,1,2,"23","Male",1,1,1,5,1
"123",4,1,1,2,2,4,7,7,3,5,5,3,2,3,2,5,7,5,3,5,7,6,2,5,3,3,2,1,1,1,2,2,1,1,2,1,7,5,5,1,4,6,7,2,2,3,7,2,3,1,1,2,"24","Male",1,1,1,5,1
"124",4,1,1,1,1,7,7,7,6,5,3,1,2,7,1,1,7,5,5,3,5,5,6,6,2,7,2,1,1,1,1,1,1,2,1,1,7,2,7,7,7,3,7,1,6,5,7,2,2,2,1,1,"24","Male",2,1,1,5,1
"125",4,1,3,3,3,5,6,6,5,5,5,6,5,5,3,3,5,6,2,6,3,3,2,7,2,6,2,2,2,2,2,2,2,2,3,2,3,3,3,3,6,3,5,2,3,3,3,2,3,1,1,1,"25","Female",2,2,1,5,1
"126",4,1,1,1,1,2,7,7,4,7,4,7,5,3,2,1,6,7,4,7,4,7,3,7,4,6,2,2,2,1,1,2,1,1,1,1,7,1,6,7,7,5,6,1,6,5,7,4,7,2,1,1,"26","Male",1,1,1,5,1
"127",4,1,7,6,7,6,7,6,6,5,6,6,7,6,7,6,7,7,6,7,7,7,7,6,6,7,1,2,1,2,1,1,2,2,7,6,7,5,7,6,7,6,7,6,7,4,6,7,7,1,1,1,"29","Female",1,2,1,5,1
"128",4,1,6,5,5,4,5,6,5,3,5,5,4,5,6,4,4,5,5,5,5,3,5,7,4,5,1,1,1,2,1,2,1,1,5,3,3,5,5,4,3,5,4,3,6,5,5,4,3,1,1,1,"29","Male",1,2,1,5,2
"129",4,1,5,7,5,7,3,4,2,3,5,2,5,5,2,6,3,6,6,7,5,3,5,3,6,6,1,2,1,1,2,1,2,1,2,5,6,3,5,3,5,4,6,3,5,3,5,3,5,2,1,1,"29","Female",2,1,2,6,1
"130",4,1,2,1,1,6,7,7,6,7,3,5,7,5,7,5,7,2,3,5,2,5,3,6,6,6,2,1,2,2,1,2,1,2,1,2,3,2,1,3,1,2,4,1,6,1,2,7,6,1,1,1,"29","Male",2,1,1,6,2
"131",4,1,1,1,1,7,7,7,7,7,4,1,1,7,1,1,7,6,4,7,4,7,4,7,4,3,2,1,1,1,1,1,1,1,1,1,7,1,7,7,7,7,7,1,5,2,7,1,7,1,1,1,"29","Male",1,1,1,5,1
"132",4,1,5,6,5,3,5,5,4,6,5,4,5,5,4,3,5,5,6,6,5,6,6,5,6,6,1,2,1,1,1,2,1,1,4,6,5,4,5,6,5,4,6,6,5,3,5,6,5,1,1,1,"29","Male",2,1,1,5,1
"133",4,1,1,1,1,7,7,7,7,7,1,6,7,7,1,7,7,7,2,7,5,7,1,7,1,7,1,1,2,2,1,1,1,1,1,1,7,1,7,7,7,1,7,1,7,1,1,7,7,1,1,1,"30","Male",1,1,1,5,1
"134",4,1,5,5,5,4,4,5,5,4,5,5,5,3,5,5,4,6,4,5,4,7,4,7,4,2,2,1,1,1,2,1,1,2,3,4,3,3,5,4,5,4,3,3,4,3,3,4,3,2,1,1,"31","Male",1,1,1,5,1
"135",4,1,1,1,2,6,6,4,5,4,4,4,7,3,1,1,5,4,4,3,1,5,4,4,3,2,2,2,1,1,2,2,1,1,4,5,1,4,5,7,5,3,7,2,4,4,6,5,6,2,1,2,"32","Male",1,1,1,5,1
"136",4,1,7,6,6,4,6,5,6,6,5,4,6,2,5,6,2,6,2,5,1,7,3,7,6,5,2,1,1,1,1,1,2,1,3,2,6,3,2,3,5,5,3,1,3,2,2,5,3,2,1,1,"32","Male",1,1,1,5,2
"137",4,1,1,1,1,7,7,7,5,7,1,1,4,5,1,1,7,6,4,7,3,7,3,7,2,3,1,1,2,2,2,1,1,1,1,1,1,1,7,7,7,7,7,1,7,3,7,3,7,1,1,1,"33","Male",1,1,1,5,1
"138",4,1,2,1,2,6,7,4,6,5,4,4,3,3,2,2,6,6,4,6,4,7,4,7,4,6,2,2,1,1,2,1,1,1,3,2,6,3,4,7,6,5,5,1,4,2,7,3,4,2,1,2,"33","Female",1,1,1,5,1
"139",4,1,5,2,4,1,1,1,1,1,4,4,4,1,4,4,1,1,1,1,1,1,1,1,1,4,2,1,1,2,1,1,1,1,1,1,3,7,1,4,1,1,4,7,1,7,3,4,3,2,1,1,"34","Male",1,1,1,5,1
"140",4,1,6,7,6,5,7,6,7,6,7,6,7,7,6,7,6,7,6,7,6,7,7,7,6,7,1,1,1,1,1,1,1,1,6,7,6,7,6,5,6,7,6,7,6,7,6,7,7,1,1,1,"34","Male",2,1,2,5,1
"141",4,1,7,6,7,7,6,7,6,7,6,7,7,6,7,6,7,6,6,6,6,6,6,6,6,6,1,1,1,1,1,1,1,1,6,7,7,6,7,7,6,7,7,6,7,7,6,7,7,1,1,1,"35","Male",2,2,2,6,2
"142",4,1,3,1,1,3,2,2,7,2,3,2,2,7,2,2,3,4,6,6,6,4,2,6,5,5,1,1,1,1,1,2,2,2,4,7,2,7,2,3,2,1,1,2,2,2,7,2,1,1,1,1,"35","Male",2,2,2,5,2
"143",4,1,7,7,7,7,7,7,7,7,7,7,7,7,7,7,7,7,7,7,7,6,7,6,6,7,1,1,1,1,1,1,1,1,7,7,7,7,7,7,7,7,7,7,7,7,7,7,7,1,1,2,"35","Male",1,1,1,6,1
"144",4,1,4,4,4,4,4,4,4,4,4,4,4,4,4,4,4,3,3,3,3,3,3,3,3,4,2,2,1,1,2,2,1,2,4,4,4,4,4,4,4,4,4,4,4,4,4,4,4,2,1,2,"35","Male",1,1,1,5,2
"145",4,1,6,6,6,6,7,6,7,6,6,7,6,7,6,6,6,7,7,7,7,7,7,7,7,6,1,1,1,1,1,1,1,1,6,7,6,7,7,6,7,7,6,7,6,7,7,6,7,1,1,1,"35","Male",2,2,2,6,2
"146",4,1,5,7,6,6,7,6,6,7,6,6,7,6,7,6,7,6,7,7,7,7,7,7,7,7,1,1,1,1,1,1,1,1,6,7,6,7,6,7,7,7,6,7,7,6,6,7,7,1,1,1,"35","Male",2,2,2,6,2
"147",4,1,1,2,3,7,7,7,7,7,7,3,4,5,3,2,5,7,4,7,4,7,5,7,4,3,1,1,1,1,1,1,1,1,1,1,6,1,7,6,7,6,7,1,7,1,6,2,6,1,1,1,"37","Male",1,1,1,5,1
"148",4,1,1,1,1,7,7,7,7,7,1,1,1,5,1,1,7,6,5,3,4,7,5,2,5,4,2,2,1,2,2,2,1,2,1,1,7,1,5,7,7,6,7,1,7,1,7,2,7,2,1,2,"37","Male",1,1,1,5,1
"149",4,1,1,1,1,7,7,5,5,5,7,3,6,4,1,1,4,7,6,7,5,7,5,7,6,3,2,2,1,1,2,2,1,1,1,1,7,2,5,7,7,6,7,1,7,1,7,3,7,1,1,2,"38","Female",1,1,1,5,1
"150",4,1,3,3,3,5,5,3,4,2,5,5,5,2,3,3,5,6,4,6,4,7,4,7,4,3,2,2,1,1,1,1,1,1,4,3,5,4,3,3,5,3,5,3,4,4,5,5,5,2,1,1,"38","Male",2,2,1,5,1
"151",4,1,5,6,6,7,6,5,6,6,5,6,5,5,6,5,6,6,6,5,6,5,7,6,6,6,1,1,1,2,1,1,2,1,6,5,5,6,5,6,7,4,5,6,4,5,5,6,6,1,1,2,"40","Female",1,2,1,5,1
"152",4,1,4,6,6,4,4,4,4,4,4,2,2,4,2,2,4,5,6,6,4,6,4,6,4,2,2,2,1,1,1,1,1,1,3,4,4,4,4,6,4,6,4,4,4,6,4,2,6,2,1,1,"40","Male",1,1,1,5,1
"153",4,1,7,5,1,7,7,6,5,7,5,4,2,5,1,1,6,5,7,7,6,5,7,7,6,7,1,1,1,1,1,2,1,1,1,2,1,1,5,6,7,4,6,1,5,2,7,4,6,1,1,1,"41","Male",1,1,1,5,1
"154",4,1,1,1,1,7,5,7,6,6,6,6,4,6,6,1,6,6,2,5,3,7,4,7,4,6,1,1,1,1,1,1,1,1,1,3,6,2,5,5,7,5,7,1,5,5,7,7,5,1,1,1,"42","Male",1,1,1,5,1
"155",4,1,3,2,3,5,7,5,6,5,7,5,5,4,5,6,5,6,5,7,5,7,5,7,4,7,2,2,1,1,2,1,1,1,3,2,3,4,6,4,6,4,5,3,5,6,4,5,6,1,1,1,"43","Male",2,1,1,5,1
"156",4,1,3,3,3,4,4,2,4,4,4,3,4,4,4,5,2,2,1,1,1,2,1,2,1,3,2,1,1,1,1,2,1,1,4,5,5,4,4,5,4,4,5,3,4,4,5,4,3,2,1,1,"43","Male",1,1,1,5,2
"157",4,1,4,2,2,6,6,6,5,5,4,2,5,6,3,4,5,6,2,7,5,7,5,7,5,2,2,1,2,1,1,1,1,1,3,2,6,4,5,6,6,4,6,1,5,4,6,4,6,1,1,2,"45","Male",1,1,1,5,1
"158",4,1,2,2,2,6,7,4,3,4,3,2,1,4,1,1,7,7,7,7,7,7,7,7,7,3,1,1,1,1,2,1,1,1,5,1,2,1,4,7,6,6,7,1,4,4,3,1,7,2,1,2,"50","Female",1,1,1,5,1
"159",4,1,1,1,1,6,6,5,5,6,4,2,2,4,1,2,6,6,5,6,5,7,5,7,5,4,2,2,1,1,2,2,1,1,2,2,7,3,5,7,6,6,7,1,6,3,7,2,6,1,1,2,"56","Female",1,1,1,5,1
"160",4,1,1,1,1,7,7,7,7,6,2,2,1,5,1,1,7,2,5,7,2,7,2,7,2,1,1,1,1,1,1,1,1,1,1,1,1,3,7,7,7,7,7,1,6,6,7,1,7,1,1,1,"56","Female",1,1,1,5,1
"161",4,1,2,2,2,6,6,6,6,5,3,6,3,6,2,2,6,6,6,6,6,6,6,6,6,5,1,1,1,1,1,1,1,1,2,2,2,2,2,6,6,2,5,2,6,3,3,2,5,1,1,2,"58","Male",2,1,1,5,1
"162",4,1,2,2,2,6,7,5,6,6,5,2,5,3,2,2,5,7,7,7,7,7,7,7,7,5,2,1,1,1,1,1,1,1,5,5,5,3,5,5,5,2,6,2,5,3,3,4,5,1,1,2,"61","Female",1,1,1,5,1
"163",4,1,1,1,1,7,7,7,7,7,4,1,7,5,1,1,7,7,7,7,5,7,4,7,1,2,2,2,1,1,1,1,2,1,3,2,4,3,2,1,5,3,6,1,2,5,5,6,6,2,1,2,NA,"Male",1,1,1,5,1
"164",5,1,3,5,3,5,3,5,3,5,6,3,5,3,5,3,5,5,5,5,6,4,5,6,6,5,1,2,1,2,1,2,1,2,3,5,3,5,3,5,3,5,4,5,6,4,5,5,6,1,3,2,"19","Male",2,2,2,4,2
"165",5,1,3,2,2,4,3,2,3,1,3,2,6,4,4,5,5,2,1,1,1,3,1,2,1,5,2,2,1,1,2,2,1,1,5,3,3,6,3,3,2,3,4,3,2,7,3,5,4,2,3,1,"21","Male",2,1,1,4,2
"166",5,1,2,3,1,7,7,7,7,6,4,1,2,5,1,1,6,7,2,6,2,6,2,7,3,3,2,2,1,1,2,2,1,1,1,6,7,1,7,7,7,6,7,1,6,1,7,1,7,1,3,1,"21","Female",1,1,1,4,1
"167",5,1,2,2,2,6,7,6,6,6,3,3,3,5,2,2,4,6,2,7,5,7,5,7,4,2,2,2,1,1,2,2,2,1,2,3,6,2,6,6,6,3,7,1,6,2,7,2,6,1,3,3,"22","Female",1,1,1,4,1
"168",5,1,1,1,1,7,7,5,6,5,2,2,6,3,2,1,5,6,4,5,3,7,4,7,4,2,2,2,1,1,2,2,2,1,2,2,7,1,5,7,7,3,7,1,5,1,7,3,6,1,3,1,"22",NA,1,1,1,1,1
"169",5,1,4,4,4,4,4,4,4,4,4,4,4,4,4,4,4,4,4,4,4,4,4,5,4,4,1,2,1,1,1,1,1,1,4,4,4,4,4,4,4,4,4,4,4,4,4,4,4,1,3,1,"23","Female",1,1,1,4,1
"170",5,1,5,6,5,2,5,6,3,2,6,5,6,2,5,7,5,5,3,6,3,5,2,7,2,5,2,1,1,2,2,2,2,1,5,5,6,3,6,2,5,6,4,2,7,5,6,3,6,2,3,1,"24","Male",1,2,1,4,2
"171",5,1,6,5,7,7,5,6,4,5,5,7,5,6,6,4,6,5,6,6,5,6,7,5,5,5,1,1,2,2,1,1,2,1,5,7,6,5,5,4,7,6,6,7,4,6,4,4,6,2,3,1,"25","Male",2,1,1,4,1
"172",5,1,7,5,5,5,5,4,7,4,7,3,1,3,3,1,2,7,3,7,3,7,6,7,7,7,1,2,2,2,1,2,1,2,7,3,1,2,6,5,5,7,2,2,5,5,4,4,1,1,3,1,"25","Male",1,1,1,4,1
"173",5,1,1,1,1,7,7,7,7,7,1,1,1,7,1,1,7,7,4,6,4,7,3,7,3,1,2,2,1,1,2,2,1,1,1,1,7,7,7,7,7,1,7,1,7,1,7,1,7,1,3,1,"25","Male",1,1,1,4,1
"174",5,1,7,7,7,7,7,7,7,7,7,7,7,7,7,7,7,7,7,7,4,7,4,7,4,7,2,2,1,1,1,1,1,1,1,1,7,1,7,7,7,7,7,7,7,7,7,7,7,1,3,2,"27","Male",1,1,1,4,1
"175",5,1,6,2,6,6,4,6,6,7,6,5,4,5,5,4,6,6,5,6,5,5,5,5,5,5,1,1,2,1,2,1,2,1,5,6,4,5,3,6,4,5,5,2,5,4,5,4,5,1,3,3,"28","Male",2,1,2,5,1
"176",5,1,7,6,5,4,6,5,7,6,5,6,6,5,7,5,6,6,3,7,1,3,2,7,2,4,1,1,1,1,1,1,1,1,6,5,4,7,6,5,4,5,4,6,5,4,5,4,6,1,3,1,"29","Male",1,1,1,5,1
"177",5,1,1,1,1,7,7,1,7,7,5,1,1,7,1,1,7,7,4,7,4,7,4,7,4,1,2,2,1,1,2,2,1,1,1,1,7,1,7,7,4,7,7,1,4,1,7,1,7,1,3,1,"29","Male",1,1,1,4,1
"178",5,1,7,7,6,6,7,6,7,6,7,6,7,6,7,6,7,1,7,7,7,7,1,7,1,7,1,1,1,1,1,1,1,1,7,7,7,6,7,7,6,7,7,6,7,6,7,6,7,1,3,2,"30","Male",2,2,2,5,2
"179",5,1,1,1,1,7,7,7,5,5,4,4,1,4,1,1,7,5,1,2,1,7,1,7,1,4,2,2,1,1,2,2,1,1,1,1,7,3,4,7,7,4,7,1,4,3,7,1,7,2,3,1,"31","Male",1,1,1,4,1
"180",5,1,3,3,4,5,6,5,6,6,3,3,4,3,2,5,4,7,1,5,1,7,1,7,1,3,2,2,1,1,2,2,2,1,2,5,3,2,4,2,5,3,6,1,6,2,4,3,4,2,3,1,"31","Female",1,1,1,4,1
"181",5,1,3,4,5,6,7,6,5,4,3,2,1,2,3,4,5,1,2,3,4,5,6,7,4,5,1,1,1,2,2,1,1,1,3,4,6,6,3,4,5,6,7,6,5,4,3,2,3,1,3,1,"32","Female",1,1,2,5,1
"182",5,1,3,5,5,6,5,2,5,3,2,2,6,1,3,4,2,5,2,3,3,5,3,5,5,2,2,2,1,1,2,2,1,1,5,6,3,5,2,5,6,3,3,2,2,3,3,5,5,2,3,1,"32","Male",2,1,2,5,1
"183",5,1,1,1,1,7,7,7,7,7,1,1,1,1,1,1,7,7,6,7,7,7,6,7,7,6,2,2,1,1,2,2,1,1,1,1,6,1,7,7,7,7,7,1,7,1,7,1,7,1,3,3,"33","Male",1,1,1,4,1
"184",5,1,2,2,1,7,7,6,6,6,1,2,3,5,1,1,7,5,4,5,4,6,3,7,5,2,2,2,1,1,2,2,2,1,2,7,7,3,6,7,7,3,7,1,2,3,7,6,7,2,3,1,"33","Male",1,1,1,4,1
"185",5,1,6,7,6,7,5,6,7,6,5,6,7,6,7,6,7,7,5,7,7,6,7,7,7,7,1,1,1,1,1,1,1,1,6,7,6,7,6,7,7,6,5,6,7,6,7,6,6,2,3,1,"34","Male",1,2,2,4,2
"186",5,1,3,1,3,5,6,2,5,5,4,2,4,6,1,2,7,6,4,5,3,7,4,7,4,2,2,2,1,1,2,2,1,1,2,1,6,4,7,7,4,7,7,4,5,3,5,3,7,2,3,1,"35","Female",1,1,1,4,1
"187",5,1,6,7,6,5,6,7,6,5,7,6,7,6,5,6,7,5,7,6,7,6,7,7,6,7,1,1,2,1,1,2,1,1,6,7,6,5,6,7,6,5,6,7,6,5,6,7,6,1,3,1,"35","Male",1,1,1,5,2
"188",5,1,1,1,1,7,7,5,7,7,6,5,5,1,3,2,7,7,4,6,5,7,6,7,5,1,2,1,1,1,2,2,1,1,1,1,7,1,4,6,7,6,7,2,4,1,7,4,6,2,3,1,"35","Male",1,1,1,4,1
"189",5,1,1,1,1,7,7,7,7,7,2,2,4,6,1,4,7,7,6,7,5,7,5,7,6,7,1,1,1,1,1,1,1,1,1,1,7,1,7,7,7,4,7,1,7,1,7,4,4,2,3,2,"36","Female",1,1,1,4,1
"190",5,1,1,1,2,6,7,6,5,5,5,4,6,2,2,2,7,5,2,3,2,7,2,7,5,1,2,2,1,1,2,2,1,1,1,1,2,6,4,2,6,6,1,1,6,1,6,2,6,2,3,1,"37","Male",1,1,1,4,1
"191",5,1,7,5,1,7,7,5,6,7,7,5,5,6,1,1,5,3,1,3,2,6,2,7,5,7,2,2,1,1,2,1,1,1,1,2,1,1,5,6,7,4,6,1,7,1,6,4,7,1,3,1,"38","Male",1,1,1,4,1
"192",5,1,3,6,5,3,4,6,2,3,6,5,3,5,7,2,4,6,5,3,5,3,5,5,3,5,1,1,1,1,1,1,1,1,6,3,4,1,3,5,6,2,4,6,3,7,4,5,7,1,3,1,"39","Female",2,1,1,5,2
"193",5,1,4,6,5,6,7,6,5,4,4,3,5,5,4,3,6,6,5,6,4,7,4,7,6,5,2,1,1,1,1,1,1,1,6,3,3,2,4,4,6,4,5,2,4,4,2,2,3,1,3,1,"39","Male",1,2,1,4,1
"194",5,1,1,1,1,7,7,7,7,7,5,2,3,5,1,1,4,7,5,6,4,7,4,7,5,5,2,1,1,2,1,2,2,1,1,1,1,1,1,7,7,6,7,1,7,1,7,1,5,1,3,1,"43","Male",1,1,1,4,1
"195",5,1,2,2,2,4,6,4,5,4,4,2,6,4,2,6,5,5,2,4,2,5,2,7,3,2,2,2,1,1,2,2,1,1,3,2,2,3,5,5,4,5,6,2,3,5,6,6,5,2,3,1,"49","Female",1,1,2,4,1
"196",5,1,1,1,1,4,7,6,7,6,4,3,3,6,2,2,7,7,3,3,1,5,2,6,4,3,2,2,1,1,2,2,1,1,1,1,7,2,6,5,6,5,7,1,6,1,5,4,6,2,3,1,"60","Female",1,1,1,4,1
"197",5,1,1,1,1,7,7,7,7,7,7,4,7,7,1,1,7,7,7,7,1,7,1,7,1,1,2,2,1,1,2,2,1,1,1,1,7,1,7,7,7,7,7,1,7,1,7,7,7,1,3,1,"40","Female",2,1,2,4,1
"198",5,1,1,1,3,7,7,7,7,7,5,5,7,1,1,5,1,5,1,5,2,7,1,7,1,1,2,2,1,1,2,2,2,1,1,1,7,1,6,7,7,7,7,1,7,1,6,1,7,2,3,2,"30","Female",2,1,1,4,1
"199",5,1,1,1,1,7,7,6,7,7,2,3,3,5,1,3,7,7,2,6,3,7,5,7,2,3,2,2,1,1,2,2,1,1,1,1,5,2,2,7,7,6,7,1,7,1,1,1,6,1,3,3,"31","Female",1,1,1,4,1
"200",5,1,5,4,3,5,5,4,5,5,4,5,3,4,3,4,6,7,4,5,4,4,4,5,6,5,1,2,1,1,2,2,2,1,3,3,4,4,5,4,7,5,4,2,4,5,5,4,5,1,3,1,"31","Female",2,1,1,4,2
"201",5,1,7,6,7,6,7,6,7,6,7,6,7,6,7,6,7,5,6,5,7,6,6,4,6,6,1,1,2,1,2,1,2,1,7,6,7,6,7,6,7,6,7,6,7,6,7,6,7,1,3,1,"35","Male",2,1,1,4,1
"202",6,1,4,4,4,4,4,4,4,4,4,4,4,4,4,4,4,4,4,4,4,5,4,7,7,4,1,1,2,2,1,1,2,2,4,4,4,4,4,4,4,4,4,4,4,4,4,4,4,1,3,1,"23","Female",1,1,1,4,1
"203",6,1,6,5,6,7,6,5,7,6,5,6,7,6,4,6,7,5,5,5,7,5,5,5,5,5,1,1,1,2,1,1,2,1,5,7,5,6,7,6,5,6,5,7,6,5,7,6,5,1,3,1,"25","Female",1,1,1,4,1
"204",6,1,6,4,1,2,4,7,6,1,5,7,4,6,4,1,4,7,7,7,6,7,7,6,7,7,2,2,2,2,1,2,2,1,6,2,1,1,1,4,6,7,7,3,1,5,6,5,6,1,3,1,"25","Male",1,1,1,4,1
"205",6,1,7,6,7,6,6,7,6,7,7,6,6,7,6,7,7,7,6,7,5,7,6,7,7,7,1,1,1,2,1,1,1,2,6,7,6,7,7,7,6,7,6,7,7,7,6,7,7,1,3,3,"25","Female",3,1,2,4,1
"206",6,1,6,5,7,6,5,6,5,4,6,7,6,5,4,6,7,6,6,6,7,6,6,6,6,6,1,2,1,1,2,1,1,2,6,5,6,5,6,5,7,6,5,6,7,6,6,5,7,1,3,1,"27","Female",3,1,2,5,1
"207",6,1,3,2,2,4,6,5,5,4,4,3,5,3,2,3,6,5,4,5,3,7,5,6,4,5,2,2,1,1,2,2,1,1,3,2,6,2,3,3,4,3,5,3,4,2,6,5,4,1,3,1,"27","Male",1,1,1,4,1
"208",6,1,5,4,3,7,4,7,5,4,1,2,2,5,5,3,4,4,5,5,6,4,3,6,5,5,2,1,2,2,1,2,1,2,7,6,4,4,6,5,6,4,5,4,4,3,6,4,5,2,3,1,"28","Male",3,2,2,5,2
"209",6,1,6,5,4,5,6,5,4,5,4,5,6,5,4,5,5,6,4,6,1,4,2,7,1,2,1,1,1,2,1,1,1,1,6,5,4,5,4,6,5,4,5,4,6,5,4,6,5,1,3,2,"28","Male",3,1,1,4,1
"210",6,1,6,4,1,2,4,2,3,2,4,3,5,5,5,5,6,5,6,5,6,5,6,4,6,6,1,2,1,2,1,1,2,1,5,2,7,4,4,3,6,2,7,1,6,1,3,5,4,2,3,1,"29","Male",3,1,2,5,1
"211",6,1,1,1,2,5,5,6,5,6,5,2,4,3,1,1,4,7,5,6,5,7,7,7,4,6,2,2,1,1,2,2,1,1,1,1,7,1,5,7,7,5,7,2,5,2,6,1,7,1,3,1,"29","Female",1,1,1,4,2
"212",6,1,5,1,7,6,1,5,3,7,3,1,4,5,3,3,7,7,6,6,7,6,5,6,5,7,1,1,2,1,1,1,2,1,3,7,3,5,5,3,7,5,2,4,1,5,7,7,7,2,3,1,"30","Male",3,1,1,5,1
"213",6,1,5,6,4,6,4,5,7,6,4,6,4,6,4,6,5,1,5,5,5,1,7,1,7,7,1,1,2,1,2,1,1,1,6,5,6,4,5,6,4,5,4,5,4,5,6,4,5,1,3,3,"30","Male",3,2,1,4,1
"214",6,1,5,6,5,6,5,6,5,6,5,6,5,6,5,6,5,6,5,5,6,5,6,5,6,5,1,1,1,1,1,1,1,1,5,6,5,6,5,7,5,6,5,6,5,6,5,6,5,1,3,2,"31","Male",3,1,2,4,2
"215",6,1,6,4,2,6,5,1,6,5,1,5,3,1,1,7,5,5,5,3,2,7,3,6,4,5,2,1,1,1,1,1,2,1,5,5,4,6,2,1,4,3,3,5,3,2,3,6,3,1,3,1,"32","Male",3,1,2,4,2
"216",6,1,4,5,2,2,7,7,3,7,3,5,1,4,2,3,6,6,5,5,5,7,2,6,5,5,1,1,1,1,2,1,1,1,5,6,5,4,3,5,5,6,6,5,5,5,6,5,5,1,3,1,"32","Female",3,1,1,5,2
"217",6,1,3,2,3,7,6,7,3,7,5,6,7,6,1,1,7,7,1,4,7,7,1,7,1,7,2,1,1,2,2,1,1,1,1,4,7,1,6,4,7,5,6,1,5,4,3,1,1,1,3,2,"32","Male",3,1,1,4,2
"218",6,1,1,1,1,7,7,5,3,4,1,1,1,7,1,1,7,7,1,5,1,7,3,7,1,6,2,2,1,1,2,2,1,1,1,1,7,1,7,7,7,7,7,1,7,3,7,1,7,2,3,1,"33","Female",1,1,1,4,1
"219",6,1,1,1,1,7,7,7,7,7,1,1,1,7,1,1,7,7,4,7,4,7,4,7,5,7,2,2,1,1,2,2,1,1,1,1,7,1,7,7,7,1,7,1,7,1,7,1,7,1,3,1,"34","Male",1,1,1,4,1
"220",6,1,1,1,1,7,7,7,6,7,1,1,1,7,1,1,7,7,4,6,4,7,4,7,4,7,2,2,1,1,1,2,2,1,1,7,7,1,7,7,7,1,7,1,1,3,1,1,7,1,3,1,"35","Female",3,1,1,4,1
"221",6,1,7,6,7,6,7,7,6,7,6,7,6,7,6,7,6,6,6,5,7,7,6,6,7,5,1,1,1,2,2,1,2,1,6,7,6,7,6,7,6,7,6,7,6,7,6,7,6,1,3,2,"35","Male",3,1,1,4,1
"222",6,1,6,6,6,7,6,5,5,5,6,5,5,5,6,5,6,7,1,5,1,7,6,5,1,7,1,1,1,1,1,1,1,1,7,6,6,6,6,5,6,5,6,7,5,5,6,7,5,1,3,1,"35","Male",1,1,1,4,1
"223",6,1,2,3,2,4,7,5,5,6,3,1,2,5,1,1,7,6,2,6,1,7,5,7,2,7,2,2,1,1,2,1,1,1,1,1,4,1,5,6,5,6,3,1,6,1,3,1,6,1,3,3,"37","Female",1,1,1,4,1
"224",6,1,1,1,2,5,6,5,4,5,4,2,2,5,2,2,4,5,2,4,2,6,2,7,3,5,2,2,1,1,2,2,1,1,3,4,6,4,5,6,6,6,7,2,5,4,6,2,7,2,3,1,"37","Female",1,1,1,4,1
"225",6,1,1,2,2,6,6,5,6,5,4,3,5,5,2,3,5,6,4,5,6,6,4,7,5,6,2,1,1,2,2,2,1,1,3,2,2,3,5,6,6,5,5,1,6,3,5,3,6,2,3,1,"39","Male",1,1,2,4,1
"226",6,1,2,2,2,2,5,2,3,2,2,2,6,2,5,2,2,5,1,2,1,6,1,7,1,6,2,2,1,1,2,2,1,1,6,6,5,6,2,5,5,5,5,1,1,4,5,5,6,2,3,1,"41","Female",1,1,1,4,1
"227",6,1,6,7,3,6,7,4,1,4,7,4,2,5,7,4,1,7,5,7,3,5,5,6,1,7,1,2,1,1,2,1,1,2,4,6,7,4,3,7,4,6,1,3,5,7,5,3,6,1,3,3,"44","Female",3,1,2,4,2
"228",6,1,3,1,2,4,4,5,6,5,6,3,4,5,1,2,7,6,4,5,4,6,4,7,5,5,2,2,1,1,2,2,1,1,3,1,4,3,5,7,4,5,6,3,4,2,5,4,6,2,3,1,"49","Female",1,1,1,4,1
"229",6,1,3,2,3,2,2,2,2,2,4,4,4,1,2,2,5,5,4,5,5,5,5,6,5,4,2,2,1,2,2,2,2,1,6,3,5,6,1,5,3,3,6,4,1,5,3,5,5,2,3,1,"51","Male",3,2,2,5,1
"230",6,1,1,1,1,7,7,7,1,1,1,1,1,1,1,1,7,7,1,7,1,7,2,7,5,7,2,2,1,1,2,1,1,2,1,1,7,1,7,7,7,7,7,1,7,1,7,1,7,2,3,1,"53","Male",1,1,1,4,1
"231",6,1,4,5,4,5,4,4,5,4,3,4,5,4,3,4,5,6,5,5,6,3,6,5,4,5,1,1,2,1,1,2,1,2,4,5,4,5,4,5,6,5,4,5,5,4,5,6,5,1,3,3,"65","Male",3,1,1,4,2
"232",6,1,3,2,5,6,7,7,7,7,6,6,2,5,5,6,5,7,2,6,1,7,4,7,4,6,2,2,1,1,2,2,1,1,1,2,6,1,6,6,7,6,7,1,6,1,5,1,5,1,3,1,"69","Female",1,1,1,4,1
"233",6,1,2,2,5,5,4,5,5,5,5,4,6,1,4,2,1,5,3,2,1,5,1,5,4,4,2,2,1,1,2,2,1,1,5,7,5,3,1,4,4,4,7,2,1,1,2,7,4,2,3,1,"69","Male",1,2,1,5,2
"234",6,1,5,5,5,4,4,5,4,5,5,4,3,4,4,3,4,6,2,4,5,6,4,5,3,5,1,1,1,1,1,1,1,1,4,3,3,3,3,4,3,3,3,6,4,4,4,4,4,1,3,3,"36","Female",3,1,1,4,1
"235",6,1,1,1,1,6,7,5,5,6,1,1,2,4,1,2,7,7,4,6,4,7,4,7,4,6,2,2,1,1,2,2,1,1,1,1,7,1,5,7,6,6,7,1,6,2,7,2,5,2,3,1,"36","Female",1,1,1,4,1
"236",6,1,6,5,4,6,4,5,4,3,6,5,4,5,4,6,7,6,1,5,1,7,2,7,1,5,1,1,1,1,1,1,1,2,5,4,5,5,4,5,4,3,5,6,4,6,5,4,6,1,3,1,"38","Male",1,1,1,5,1
"237",6,1,1,1,1,7,7,2,4,5,6,2,1,4,1,1,4,5,1,6,1,6,1,7,2,5,1,2,1,1,1,2,2,1,3,4,7,5,4,7,7,6,7,1,3,3,7,1,7,2,3,1,"42","Male",1,1,1,4,1
"238",6,1,5,6,5,6,5,6,5,6,5,5,5,6,5,6,5,5,6,6,7,5,6,6,6,5,1,1,2,2,1,2,1,2,5,6,5,6,5,6,5,6,5,6,5,6,5,6,5,1,3,3,"53","Male",3,2,2,4,2
"239",6,1,5,6,5,6,5,6,5,6,5,6,5,6,5,6,5,4,6,4,6,3,6,3,6,7,1,2,1,1,1,1,1,1,6,5,6,5,6,5,6,5,6,5,6,5,7,5,6,1,3,3,"63","Male",3,1,1,4,1
"240",7,1,2,2,2,7,7,7,7,7,2,2,2,2,2,4,7,7,1,7,1,7,1,7,4,6,1,1,1,2,2,2,1,2,1,1,4,4,1,7,4,4,3,4,1,1,1,1,1,1,4,3,NA,NA,1,1,1,4,1
"241",7,1,1,1,1,7,7,7,7,6,3,4,2,7,1,1,7,6,7,7,4,6,5,6,4,7,2,2,1,1,2,2,1,1,2,1,7,1,7,7,7,4,7,1,6,1,7,2,7,1,4,3,"21",NA,1,1,1,1,1
"242",7,1,1,1,1,7,7,7,7,7,1,1,1,7,1,1,7,5,2,7,2,6,3,5,2,5,2,2,1,1,2,2,1,1,1,1,7,1,7,7,7,7,7,1,7,1,7,1,7,2,4,3,"23","Male",1,1,1,4,1
"243",7,1,2,1,2,6,7,6,6,5,2,1,1,5,1,1,6,5,2,6,3,5,5,5,6,6,2,2,1,1,2,2,1,1,2,1,7,1,6,7,7,7,7,1,5,1,7,1,7,1,4,3,"23","Male",1,1,1,4,1
"244",7,1,1,2,2,7,7,7,6,7,1,2,7,4,1,1,7,7,5,7,3,7,2,6,5,6,2,2,1,1,2,2,1,1,1,1,2,1,7,2,7,1,7,1,7,6,3,6,7,2,4,3,"25","Male",2,1,2,4,1
"245",7,1,1,1,1,7,7,6,7,7,6,2,2,5,1,7,7,6,5,7,4,7,4,3,5,6,2,2,1,1,2,2,1,1,1,1,7,1,6,7,7,6,7,1,6,7,7,2,7,1,4,3,"26","Female",1,1,1,4,1
"246",7,1,3,1,2,1,1,1,1,1,4,4,6,1,4,5,4,1,4,1,1,1,1,1,1,4,2,2,1,1,2,2,1,1,7,6,3,6,2,4,1,1,4,6,1,7,3,6,3,2,4,3,"27","Male",1,2,1,5,2
"247",7,1,6,5,6,5,7,5,6,5,6,7,6,5,6,7,6,6,7,5,7,6,7,5,7,7,1,1,1,2,2,1,1,1,6,6,7,6,7,6,7,6,7,6,6,6,7,7,7,1,4,3,"28","Male",1,1,1,4,1
"248",7,1,7,5,6,7,5,6,7,6,5,7,6,5,7,6,5,7,5,6,5,7,5,7,6,7,1,2,1,1,1,2,2,1,7,5,6,7,6,5,6,7,6,5,6,7,6,5,7,1,4,2,"28","Male",1,2,2,5,1
"249",7,1,7,4,1,7,7,1,1,7,4,4,4,4,7,4,4,7,7,7,1,4,4,5,5,4,2,2,2,2,2,2,1,1,3,4,4,3,5,1,7,4,6,1,4,2,5,5,4,2,4,3,"28","Male",1,2,2,4,2
"250",7,1,5,4,4,5,3,4,5,4,3,5,5,4,4,5,4,5,4,5,6,4,3,5,4,5,2,2,2,2,2,1,1,2,4,5,4,3,5,4,4,5,4,5,4,4,5,4,4,1,4,3,"30","Male",2,1,2,4,2
"251",7,1,2,1,1,6,7,6,4,6,5,3,6,2,1,1,6,7,4,6,2,5,4,5,5,7,2,2,2,1,2,2,1,1,2,1,6,2,4,7,7,4,6,1,6,4,6,3,7,2,4,3,"31","Male",1,1,1,4,1
"252",7,1,4,5,4,6,6,6,5,5,5,4,6,5,4,5,4,7,2,7,1,7,2,7,2,6,2,2,1,1,1,1,1,1,3,6,6,6,5,2,2,2,2,6,2,6,6,4,3,1,4,3,"31","Male",1,1,1,4,1
"253",7,1,4,3,3,6,6,5,5,4,3,4,5,5,4,4,5,5,5,6,4,5,4,6,5,5,2,2,1,2,2,1,1,1,2,3,5,4,5,4,5,5,5,2,5,3,4,5,5,1,4,3,"31","Female",1,1,1,4,1
"254",7,1,5,5,5,4,4,4,5,5,4,5,5,5,4,4,4,6,5,6,5,5,4,5,4,5,1,1,1,1,2,1,1,1,5,5,5,4,4,5,5,4,4,5,5,5,5,5,5,1,4,3,"32","Male",1,1,1,5,1
"255",7,1,7,6,7,7,5,6,7,7,5,6,7,6,7,5,7,5,7,6,7,5,7,5,7,7,1,1,2,1,1,2,1,1,7,5,7,6,5,7,7,6,5,7,7,4,6,7,6,1,4,3,"33","Male",2,1,2,5,2
"256",7,1,3,2,3,4,5,3,2,4,3,2,3,4,3,4,3,3,4,4,3,4,3,4,5,3,2,2,2,1,2,2,1,1,3,2,4,3,2,4,4,3,4,2,3,4,4,4,3,2,4,3,"34","Male",1,1,1,4,1
"257",7,1,7,6,7,6,7,6,7,6,7,6,7,6,7,5,7,7,7,1,7,1,7,1,7,7,1,2,1,1,2,1,1,1,7,6,6,7,6,5,7,5,6,7,7,6,5,6,7,1,4,1,"34","Female",2,1,1,4,1
"258",7,1,6,5,6,5,6,5,6,5,6,5,6,5,6,5,6,6,7,6,7,4,5,6,6,6,1,2,1,1,2,2,1,1,5,6,5,6,5,6,5,6,5,6,5,6,5,6,5,1,4,1,"36","Male",2,2,2,5,1
"259",7,1,1,1,1,7,7,7,7,7,3,3,1,6,1,1,6,7,6,7,6,7,7,7,7,7,2,2,1,1,2,2,1,1,1,1,7,1,7,7,7,7,7,1,7,1,7,1,7,1,4,3,"37","Male",1,1,1,4,1
"260",7,1,5,6,6,4,5,1,2,2,4,3,2,3,1,1,7,3,7,5,4,5,7,4,6,5,2,2,1,1,2,2,1,1,6,1,3,5,4,7,5,4,3,4,4,2,3,1,7,2,4,3,"39","Male",1,1,1,4,1
"261",7,1,3,2,2,6,6,4,4,4,3,1,1,4,3,4,7,6,4,6,3,5,5,6,5,6,2,2,1,1,1,2,1,1,3,7,6,3,5,5,5,6,6,1,6,4,5,1,6,2,4,3,"40","Female",1,1,1,4,1
"262",7,1,1,1,1,7,7,6,6,5,3,3,5,1,1,1,7,5,4,7,3,7,4,6,4,6,2,2,2,1,1,2,1,1,1,1,7,1,6,7,7,7,7,1,7,7,7,4,4,2,4,3,"40","Male",1,1,1,4,1
"263",7,1,3,2,5,6,7,3,5,7,6,4,2,2,4,6,2,5,7,5,4,5,6,7,6,6,2,2,1,1,2,2,1,1,1,6,4,3,4,5,7,6,3,1,3,2,4,4,6,2,4,3,"41","Male",1,2,1,4,1
"264",7,1,5,6,5,5,6,5,6,6,5,6,5,6,6,5,6,5,5,5,6,3,6,4,6,6,1,1,2,1,1,1,2,1,6,5,6,5,6,5,6,5,6,5,6,5,6,5,6,1,4,1,"45","Male",2,1,1,4,1
"265",7,1,4,7,6,5,6,3,1,6,7,5,3,4,5,7,6,4,7,1,4,1,7,1,7,7,1,2,1,1,2,1,2,1,4,6,5,7,6,5,7,4,5,7,6,5,7,6,5,1,4,3,"48","Male",2,2,1,4,1
"266",7,1,2,2,1,6,6,1,4,5,2,2,2,5,1,1,6,5,6,6,5,5,6,5,6,5,2,2,1,1,2,2,1,1,5,1,6,3,5,6,5,5,6,1,5,3,6,2,6,2,4,3,"50","Female",1,1,1,4,1
"267",7,1,1,2,2,5,6,5,6,6,4,2,3,5,1,2,6,5,2,7,1,6,4,5,3,5,2,2,1,1,2,2,1,1,3,1,1,2,6,7,5,6,6,1,5,2,5,3,6,1,4,3,"53","Male",1,1,1,4,1
"268",7,1,1,1,1,7,7,7,4,4,4,5,5,5,6,6,5,5,6,6,5,5,6,5,5,4,2,2,1,1,2,2,1,1,1,1,7,1,5,7,6,6,5,5,6,5,4,2,6,2,4,3,"53","Male",1,1,1,4,1
"269",7,1,1,1,1,7,7,7,7,7,2,4,1,1,1,1,7,7,7,7,7,7,7,7,7,7,2,2,1,1,2,2,1,2,1,7,7,1,5,7,7,7,7,1,7,6,7,1,7,1,4,3,"54","Female",1,2,1,4,1
"270",7,1,3,2,2,6,6,5,6,5,5,4,1,3,2,5,1,5,6,7,4,7,5,6,7,6,2,2,1,1,2,2,1,1,1,2,1,1,6,7,7,6,7,1,7,1,6,1,6,1,4,3,"57","Female",1,1,1,4,1
"271",7,1,1,2,1,7,7,6,7,6,1,7,1,1,1,7,7,7,1,7,1,7,1,7,4,7,2,1,1,1,1,1,2,1,1,1,7,1,7,7,5,1,7,1,7,1,7,1,7,1,4,3,"60","Male",1,1,1,4,1
"272",7,1,1,1,4,1,7,5,5,5,1,1,4,5,1,4,7,5,7,7,6,7,5,6,6,5,2,2,1,1,2,2,1,1,1,1,6,1,6,7,7,7,1,1,4,3,5,1,7,2,4,3,"67","Female",1,1,1,4,1
"273",7,1,1,1,1,7,7,5,5,4,3,2,4,1,1,1,5,5,4,6,1,6,4,6,5,6,2,2,1,1,2,2,1,1,1,1,1,1,4,7,7,6,7,1,5,1,7,2,7,2,4,3,"31","Male",1,1,1,5,1
"274",7,1,2,1,2,4,7,4,3,4,6,4,6,2,4,3,7,5,4,6,3,5,4,5,4,5,2,2,1,1,2,2,1,1,4,1,6,4,3,4,6,2,3,1,3,4,3,6,5,2,4,3,"35",NA,2,1,1,4,1
"275",7,1,3,3,3,6,7,3,5,4,1,2,7,1,4,3,1,5,5,6,4,6,3,5,5,5,2,2,1,1,2,2,1,1,3,5,5,3,4,3,7,4,6,1,5,1,6,3,5,2,4,3,"29","Female",1,1,1,4,1
"276",7,1,1,2,2,7,7,5,6,5,7,2,2,6,1,1,7,6,7,7,5,7,6,7,4,7,2,2,1,1,2,2,1,1,1,1,1,1,7,7,7,7,6,1,7,1,6,7,7,1,4,3,"23","Male",2,1,2,5,1
"277",7,1,1,1,3,6,7,7,7,7,5,5,7,2,3,7,3,6,4,7,1,1,6,7,2,7,2,2,1,1,2,2,1,1,1,2,7,1,5,5,7,2,7,1,6,1,6,1,5,2,4,3,"29","Male",1,1,1,5,1
"278",7,1,4,2,1,3,7,5,5,4,5,3,3,3,1,1,7,6,4,7,4,7,5,5,5,7,2,2,2,2,2,2,1,1,3,1,2,3,4,6,4,6,5,1,4,3,5,6,7,1,4,3,"27","Male",1,1,1,4,1
"279",8,1,7,5,5,4,5,2,2,1,4,4,4,4,3,2,4,5,2,7,1,6,4,5,4,1,2,2,1,1,2,2,1,1,7,4,3,7,4,6,4,2,2,5,2,6,2,6,4,2,4,3,"19","Male",1,1,1,4,1
"280",8,1,7,3,2,6,7,7,7,5,5,2,5,7,1,3,7,5,7,7,5,7,7,7,5,4,2,2,1,1,2,2,1,1,5,1,3,5,1,7,5,1,7,1,7,3,6,1,7,1,4,3,"21","Male",1,1,1,4,1
"281",8,1,4,4,4,4,4,4,4,4,4,4,4,4,4,4,4,4,4,6,4,5,4,6,4,2,1,1,2,2,1,1,2,2,4,4,4,4,4,4,4,4,4,4,4,4,4,4,4,1,4,3,"23","Female",1,1,1,4,1
"282",8,1,3,2,2,6,6,4,5,5,4,5,6,5,1,1,7,3,6,6,2,6,6,7,3,2,2,2,1,2,1,2,1,1,3,1,4,5,3,4,3,3,5,4,3,4,4,7,4,2,4,3,"25","Male",2,1,1,4,1
"283",8,1,2,2,4,5,4,3,5,5,3,2,2,5,2,3,4,6,4,6,4,6,5,7,4,6,2,2,1,1,2,2,1,1,3,2,6,3,7,6,6,6,7,3,6,2,5,1,6,1,4,3,"26","Female",1,1,1,4,1
"284",8,1,2,1,2,6,7,7,6,6,3,2,1,1,2,6,7,3,2,7,5,3,5,4,6,1,2,2,1,1,2,2,1,1,1,1,6,1,5,5,4,1,5,3,7,2,6,1,5,1,4,3,"27","Female",1,1,1,4,1
"285",8,1,6,5,7,5,6,4,7,4,6,4,7,4,6,4,7,5,4,6,6,5,5,5,6,6,1,2,1,2,2,2,1,1,5,7,5,7,4,6,4,7,4,6,4,6,3,6,4,1,4,3,"29","Male",1,2,1,4,1
"286",8,1,1,1,1,7,7,4,5,5,4,4,6,7,1,4,7,4,4,7,3,6,4,5,4,1,2,2,1,1,2,2,1,1,4,1,1,4,7,7,6,4,7,1,4,2,7,5,4,2,4,3,"29","Male",1,1,1,4,1
"287",8,1,1,1,1,6,7,7,7,7,7,3,3,4,4,4,7,3,1,6,1,6,2,7,3,3,2,2,1,1,2,2,1,1,1,1,1,1,6,5,6,6,7,1,6,2,3,1,4,2,4,3,"30","Male",1,1,1,4,1
"288",8,1,3,2,2,5,5,5,5,4,5,4,6,4,2,2,7,4,2,5,2,5,2,5,3,3,2,2,1,1,2,2,1,1,2,1,5,2,3,6,5,4,5,2,4,2,5,5,6,2,4,3,"30","Female",1,1,1,4,1
"289",8,1,3,1,5,5,1,2,3,1,2,2,1,3,1,4,5,3,5,2,6,1,6,3,6,2,2,2,1,1,2,2,1,1,5,7,5,7,3,5,5,2,6,3,5,6,5,1,4,2,4,3,"30","Female",1,1,1,4,1
"290",8,1,7,1,5,6,1,6,6,2,5,4,2,7,2,6,4,6,4,7,3,4,1,3,7,7,2,1,2,2,1,2,2,1,7,1,6,4,2,1,6,3,5,8,2,6,4,7,6,2,4,1,"30","Male",2,2,1,4,2
"291",8,1,2,1,3,4,6,6,7,7,2,1,5,5,2,6,3,6,5,7,4,5,3,2,6,2,2,2,1,1,2,2,1,1,3,5,7,2,5,3,2,6,5,1,5,6,3,5,7,1,4,3,"31","Male",1,1,1,4,1
"292",8,1,5,6,7,4,7,5,7,7,3,2,6,2,5,2,7,7,3,7,5,3,5,7,3,7,2,2,1,2,2,2,2,1,1,4,2,1,5,5,7,3,4,2,6,3,5,6,6,1,4,3,"31","Female",1,1,1,4,1
"293",8,1,1,1,1,5,6,2,7,4,6,2,2,4,1,2,5,1,1,2,1,2,3,2,5,2,2,2,1,1,2,2,1,1,6,3,7,6,4,7,7,5,7,1,3,1,7,4,6,2,4,3,"34","Male",1,1,1,4,1
"294",8,1,6,5,6,5,5,5,6,4,6,5,6,6,6,6,5,7,6,7,4,6,4,3,2,6,1,1,1,1,1,1,1,1,6,6,6,5,6,4,5,4,6,5,7,5,6,5,6,1,4,3,"35","Male",1,1,1,4,1
"295",8,1,1,1,1,6,6,7,6,5,4,2,4,3,3,5,6,6,4,7,4,7,4,6,5,3,2,2,1,1,2,2,1,1,1,1,7,1,4,5,7,5,7,1,5,1,7,4,6,2,4,3,"36","Female",1,1,1,4,1
"296",8,1,5,2,1,7,7,1,5,7,3,5,2,7,1,2,7,6,2,7,4,7,1,7,1,6,2,1,1,1,1,2,1,1,1,2,3,2,5,1,7,3,7,1,3,5,1,2,1,1,4,3,"37","Male",1,2,1,4,1
"297",8,1,5,6,5,4,5,2,5,5,6,5,5,5,6,6,7,7,2,6,4,6,6,5,5,6,1,1,1,2,2,2,1,1,2,3,4,4,5,3,3,4,2,6,3,3,2,4,2,1,4,3,"37","Male",1,1,1,4,1
"298",8,1,6,5,4,6,5,4,7,6,5,4,6,5,4,6,5,7,2,7,2,7,2,7,2,5,1,1,1,1,1,1,1,1,6,5,4,7,6,5,4,6,5,4,7,6,5,4,6,1,4,3,"38","Female",1,1,1,4,1
"299",8,1,1,1,1,4,4,1,1,1,4,4,7,1,1,7,7,2,5,3,4,2,6,2,5,4,2,2,1,1,2,2,1,1,7,1,4,7,1,4,4,1,4,4,1,4,7,7,1,2,4,3,"39","Male",1,1,1,4,1
"300",8,1,1,1,1,7,7,6,7,6,4,4,4,6,1,1,5,5,6,6,5,7,6,5,7,3,2,2,1,1,2,2,1,1,1,1,7,1,7,7,5,7,6,1,7,1,7,1,7,1,4,3,"39","Male",1,1,1,4,1
"301",8,1,5,5,2,2,2,1,2,1,6,4,6,1,2,2,1,1,1,2,5,5,4,5,2,4,2,2,1,1,2,2,1,1,7,7,5,7,4,5,4,2,4,4,2,6,4,6,4,2,4,3,"39","Female",1,1,1,4,1
"302",8,1,4,6,5,5,4,6,6,5,4,5,6,4,5,6,4,5,5,4,6,5,5,6,5,4,2,1,1,1,2,1,1,2,5,6,4,5,6,4,6,5,4,4,5,5,4,5,6,1,4,3,"40","Female",1,1,1,5,1
"303",8,1,5,6,7,6,5,4,5,6,5,6,7,6,7,6,5,6,7,6,6,6,7,6,5,6,1,2,1,1,1,1,1,1,6,5,6,7,6,5,4,5,6,5,6,5,6,6,7,1,4,3,"40","Male",1,1,2,5,2
"304",8,1,7,6,5,4,3,2,3,4,5,6,7,6,5,4,3,7,6,5,7,6,4,5,7,7,1,1,1,1,1,1,1,1,7,6,5,4,3,4,5,6,7,6,5,4,3,2,4,1,4,1,"42","Male",1,2,1,5,1
"305",8,1,2,2,2,6,6,5,4,5,4,3,4,5,3,3,5,6,5,7,6,7,6,7,6,1,2,2,1,1,2,2,1,1,3,3,5,3,6,5,6,5,6,2,4,2,6,4,6,1,4,3,"45","Male",1,1,1,4,1
"306",8,1,2,2,2,7,7,6,5,5,2,1,2,5,1,1,3,3,5,5,2,5,5,5,6,3,2,2,1,1,2,2,1,1,3,3,7,1,6,7,7,6,7,1,5,2,6,2,7,1,4,3,"49","Female",1,1,1,4,1
"307",8,1,2,2,2,6,6,4,5,5,4,3,5,2,3,2,3,2,4,5,4,5,4,4,5,3,2,2,1,1,2,2,1,1,3,5,6,4,3,5,6,3,6,3,4,3,6,5,5,2,4,3,"57","Female",2,1,1,4,1
"308",8,1,7,7,7,1,3,1,6,5,5,7,6,1,6,3,1,2,3,3,2,3,5,3,1,3,2,2,1,1,2,2,1,1,5,7,7,6,1,3,2,1,3,2,5,3,1,5,3,2,4,3,"64","Male",1,1,1,4,1
"309",8,1,1,1,1,7,7,4,5,5,4,4,6,5,1,1,2,6,6,7,5,7,6,7,7,2,2,2,1,1,2,2,1,1,3,7,7,4,5,7,6,1,7,1,4,2,7,7,7,2,4,3,"47","Male",1,1,1,4,1
"310",8,1,5,4,4,6,6,5,4,4,5,4,5,4,5,4,5,5,4,5,5,5,4,5,6,5,2,2,1,1,2,2,1,1,3,5,5,4,4,4,6,4,5,2,4,4,4,4,4,1,4,3,"30","Male",2,1,1,5,1
"311",8,1,1,1,1,7,7,7,7,7,4,4,5,5,1,1,6,6,3,7,4,7,5,5,6,3,2,2,1,1,2,2,1,1,1,1,1,1,5,6,7,4,7,1,4,7,7,4,7,1,4,3,"46","Female",1,1,1,4,1
"312",8,1,6,1,2,6,6,4,3,2,2,4,3,5,2,3,5,5,3,7,3,5,3,5,3,7,1,2,1,1,2,1,1,1,3,5,5,4,5,3,5,4,5,3,3,3,4,5,5,1,4,3,"35","Male",1,1,1,4,1
"313",8,1,6,5,7,5,6,7,7,5,6,6,7,5,6,6,7,5,7,5,6,7,5,7,5,5,1,1,2,2,1,1,2,2,5,7,6,6,7,7,5,6,5,4,4,4,6,6,7,1,4,3,"25","Female",2,1,2,5,1
"314",8,1,6,4,6,6,5,7,7,6,5,5,6,6,5,6,7,5,5,4,5,4,3,6,4,5,2,2,1,1,2,1,1,1,5,3,5,5,6,5,6,6,5,4,6,6,5,5,7,2,4,3,"32","Male",2,1,2,4,2
"315",8,1,5,4,6,5,5,7,4,5,6,5,6,4,5,5,6,5,4,7,3,5,6,5,2,7,2,1,1,1,2,2,1,1,3,2,3,2,1,2,5,3,4,1,3,2,3,4,2,1,4,3,"38","Female",1,1,1,4,1
"316",8,1,2,2,2,7,7,7,4,7,6,4,4,4,1,1,7,7,2,7,1,6,1,7,2,7,2,2,1,2,2,1,2,1,1,1,7,4,7,7,7,4,4,1,6,4,4,4,4,1,4,3,"37","Female",1,1,1,4,1
"317",8,1,6,5,6,5,7,6,7,6,5,6,5,7,6,5,7,6,7,6,7,4,6,6,6,6,1,2,1,1,2,1,2,1,6,5,7,6,5,7,6,7,6,8,6,5,7,6,7,1,4,3,"25","Male",1,1,1,4,1
"318",8,1,6,5,6,5,7,6,7,5,5,5,6,6,6,6,6,6,6,7,6,6,5,4,6,5,1,1,1,2,2,1,1,2,6,5,6,5,4,5,6,5,6,8,6,5,6,7,6,1,4,3,"25","Male",2,1,2,4,1
"319",8,1,1,1,1,4,7,1,2,2,4,4,2,1,1,1,7,5,2,7,2,7,2,4,3,1,2,2,1,1,2,2,1,1,2,1,7,2,4,7,4,5,4,1,4,2,7,2,7,2,4,3,"33","Male",2,1,1,4,1
"320",9,1,3,3,3,5,5,5,5,5,4,4,4,4,4,3,4,4,5,5,4,4,4,4,4,2,2,1,1,1,2,2,1,1,2,2,5,2,4,4,5,4,5,2,4,4,5,4,4,1,5,3,"27","Male",1,1,1,4,1
"321",9,1,2,3,2,5,5,2,3,2,5,5,5,1,3,6,2,2,3,3,2,2,4,2,2,2,2,2,1,1,2,2,1,1,6,5,6,5,3,3,5,3,6,4,2,5,5,6,3,2,5,3,"30","Female",1,1,1,6,2
"322",9,1,5,6,3,6,5,7,5,6,4,7,6,7,5,7,6,5,7,4,7,5,5,2,4,7,1,2,1,1,2,2,1,1,6,4,7,5,6,5,5,7,3,6,5,7,6,7,6,1,5,3,"30","Male",1,1,1,6,2
"323",9,1,1,1,1,7,7,4,5,5,3,2,4,2,1,1,4,1,2,2,1,1,1,2,1,2,2,1,1,1,2,2,1,1,1,1,1,1,1,7,5,2,7,1,4,1,7,3,7,2,5,3,"31","Male",1,1,1,4,1
"324",9,1,5,4,6,4,6,4,5,7,5,7,6,4,5,6,5,4,6,5,5,6,6,4,5,7,1,2,1,1,1,2,1,1,5,6,4,3,4,5,6,4,5,6,5,4,6,5,7,1,5,3,"32","Male",2,1,2,6,1
"325",9,1,7,5,1,7,7,7,6,7,5,4,4,5,1,1,7,3,7,7,7,7,7,7,7,7,2,1,1,1,1,1,1,1,1,3,1,2,4,6,7,5,7,1,5,2,6,2,4,1,5,3,"37","Male",1,1,1,4,1
"326",9,1,1,1,1,7,7,6,5,3,3,2,3,5,1,1,7,2,5,2,2,5,5,7,6,6,2,2,1,1,2,2,1,1,3,1,7,5,7,7,7,6,7,1,6,4,7,2,7,1,5,3,"39","Female",1,1,1,4,1
"327",9,1,6,5,6,5,4,5,6,5,6,7,6,5,6,6,7,6,6,6,6,6,7,6,6,6,2,1,1,2,1,1,1,2,5,6,6,5,6,5,6,6,4,7,4,5,6,5,4,1,5,3,"40","Female",2,1,2,6,1
"328",9,1,3,3,3,5,7,6,5,6,3,3,3,5,2,3,6,2,3,3,2,3,4,4,3,3,2,2,1,1,2,2,1,1,2,2,6,2,5,5,6,5,5,7,6,3,5,2,5,1,5,3,"42","Female",1,1,1,4,1
"329",9,1,3,3,5,6,7,4,7,5,4,4,4,4,5,5,5,1,5,3,1,3,4,4,1,2,1,2,1,1,2,2,1,2,4,3,4,4,5,4,5,3,5,3,4,7,3,4,4,2,5,3,"44","Female",2,1,1,4,1
"330",9,1,4,4,4,4,4,4,4,4,4,4,4,4,4,4,4,4,4,4,4,4,4,4,4,4,2,2,2,2,2,2,2,2,4,4,4,4,4,4,4,4,4,4,4,4,4,4,4,1,5,3,"44","Female",1,2,2,6,2
"331",9,1,3,2,2,5,4,3,5,5,4,5,6,3,3,2,2,1,5,2,2,1,2,3,2,3,2,2,1,1,2,2,1,1,3,6,6,5,3,5,5,2,6,3,3,2,5,6,6,2,5,3,"57","Male",1,1,1,4,2
"332",9,1,5,6,5,6,5,5,6,5,6,5,6,5,6,5,6,5,6,7,6,4,4,4,4,6,1,1,1,1,1,2,2,1,6,5,6,5,6,5,6,5,6,5,6,6,5,6,5,1,5,2,"65","Male",2,1,1,4,1
"333",9,1,1,1,2,7,7,4,5,7,4,3,6,4,1,1,7,4,6,5,2,5,4,5,6,5,2,2,1,1,2,2,1,1,2,2,6,2,5,6,6,4,7,1,5,2,6,4,6,1,5,3,"65","Female",1,1,1,4,1
"334",9,1,4,3,5,5,6,1,3,3,4,3,2,5,1,4,4,1,1,1,1,2,1,1,1,3,2,2,1,1,2,2,1,1,3,4,4,5,5,7,5,4,4,1,4,4,1,4,4,2,5,3,"34","Male",1,1,1,4,1
"335",9,1,1,1,2,7,7,7,7,7,1,1,2,1,1,1,7,1,5,1,1,1,1,1,2,7,2,2,1,1,2,2,1,1,1,1,7,1,1,7,7,1,7,1,7,1,1,1,6,1,5,3,"64","Male",1,1,1,4,1
"336",9,1,1,1,1,7,6,7,6,7,1,7,6,1,1,1,7,2,2,2,2,1,2,2,2,7,2,2,1,1,2,2,1,1,1,2,7,1,1,7,7,6,7,1,7,7,7,1,7,1,5,3,"37","Male",1,1,1,4,1
"337",9,1,5,4,6,5,6,4,5,3,5,4,6,5,6,4,7,5,7,5,3,5,4,6,3,5,1,1,2,1,2,1,1,2,3,4,6,2,6,4,6,5,6,4,5,3,5,4,6,1,5,3,"30","Female",1,1,1,6,2
"338",9,1,1,1,1,7,7,2,2,2,4,4,7,5,2,1,6,2,2,3,3,1,1,1,1,2,1,2,1,1,2,2,1,1,2,2,7,4,6,7,7,2,7,1,6,6,6,7,1,2,5,3,"35","Male",1,1,1,4,1
"339",9,1,5,6,7,3,4,6,7,5,3,7,6,4,5,2,6,7,6,7,4,6,4,2,5,7,1,1,2,1,1,2,1,1,4,5,6,7,6,4,5,6,6,7,5,2,6,4,7,1,5,3,"36","Female",2,2,1,6,1
"340",9,1,6,7,6,7,6,7,6,7,6,7,6,6,7,6,7,6,6,7,6,5,6,7,6,6,2,1,2,1,2,1,2,1,6,6,6,7,6,7,6,7,6,7,6,7,6,7,6,1,5,1,"35","Male",1,1,1,4,1
"341",9,1,5,6,5,6,5,4,5,6,6,5,6,5,5,6,5,5,6,6,5,6,5,6,4,6,1,1,2,1,1,2,1,1,5,6,5,6,5,6,5,6,5,4,6,6,5,6,5,1,5,3,"41","Male",2,2,2,6,2
"342",9,1,1,1,1,7,7,7,7,7,1,1,1,1,1,1,7,1,7,1,7,7,7,7,7,6,2,1,1,1,1,2,1,2,1,7,1,1,7,1,7,6,7,1,7,1,1,6,7,1,5,3,"25","Male",1,1,1,6,1
"343",9,1,1,1,1,7,7,6,7,6,2,1,2,4,1,1,7,2,6,2,1,7,7,1,1,1,1,1,1,1,1,1,1,1,2,1,7,1,4,7,6,7,7,2,7,1,7,2,7,1,5,3,"25","Female",1,1,1,4,1
"344",9,1,5,6,5,6,5,6,5,6,5,6,5,6,5,6,5,6,5,6,6,5,6,6,6,6,1,1,2,1,1,1,2,1,5,6,5,6,5,6,5,5,6,5,6,5,6,5,6,1,5,3,"27","Male",1,1,1,4,1
"345",9,1,7,6,5,4,3,4,5,6,7,6,5,4,3,2,7,7,4,5,6,7,7,4,7,7,1,2,2,1,1,2,2,1,3,6,6,7,4,6,7,5,7,6,3,7,5,7,6,1,5,3,"36","Female",2,1,1,4,2
"346",9,1,7,4,5,7,6,4,7,6,4,5,7,7,5,7,6,7,5,7,4,7,5,7,7,7,1,1,1,2,1,1,1,1,7,4,5,3,5,7,6,4,5,7,6,4,5,7,4,1,5,1,"42","Female",2,1,1,6,1
"347",9,1,2,1,2,5,4,3,2,4,2,3,6,2,2,3,2,2,5,4,5,2,4,1,5,6,2,2,1,1,2,2,1,1,4,5,3,6,3,6,5,3,6,3,3,4,6,6,6,2,5,3,"70","Male",1,1,1,4,1
"348",9,1,3,4,4,3,6,5,4,5,5,3,4,4,2,4,5,2,5,4,2,3,1,5,4,3,1,2,1,1,2,2,1,1,4,3,4,4,3,5,6,5,6,3,3,4,3,5,5,1,5,3,"32","Male",1,1,2,6,2
"349",9,1,6,7,7,6,6,7,7,6,5,6,7,6,5,6,6,7,7,6,7,6,6,4,5,6,1,1,2,1,1,2,1,1,7,6,7,5,7,6,6,7,7,5,6,7,6,6,6,1,5,3,"42","Male",2,1,1,6,2
"350",9,1,2,2,2,5,6,3,4,3,4,3,3,2,4,7,6,2,4,3,2,5,4,2,2,2,2,2,1,1,2,2,1,1,5,2,5,6,2,4,5,3,6,2,2,3,6,4,1,1,5,3,"24","Male",1,1,1,4,2
"351",9,1,6,5,6,5,6,5,6,5,6,5,6,5,6,5,6,5,6,7,5,6,6,4,5,6,1,2,1,1,1,1,2,1,6,5,6,5,4,5,5,6,5,6,5,6,5,6,5,1,5,3,"32","Male",2,1,1,6,2
"352",9,1,1,1,1,5,6,4,4,3,3,2,4,5,3,3,6,1,1,1,1,1,1,1,1,4,1,2,1,1,2,1,1,1,4,1,7,4,6,6,6,1,6,1,1,4,6,4,5,2,5,3,"29","Male",1,2,1,4,2
"353",9,1,2,3,2,6,6,5,5,6,5,4,6,5,3,3,5,4,6,3,6,6,6,6,7,5,1,1,1,1,1,2,2,1,2,2,6,3,5,6,6,4,5,3,5,2,5,4,6,2,5,3,"58","Female",1,1,1,4,1
"354",9,1,5,4,5,6,5,5,6,5,4,5,4,5,5,6,4,5,4,5,5,5,6,5,6,5,1,1,1,2,1,1,2,2,5,6,5,5,6,5,5,5,6,4,5,6,5,4,5,1,5,3,"32","Male",2,2,1,4,1
"355",10,1,7,7,7,7,7,7,7,7,7,7,7,7,7,7,7,7,7,7,7,4,7,4,4,7,1,1,2,1,1,1,1,1,7,7,7,7,7,7,7,7,7,7,7,7,7,7,7,1,5,2,"27","Male",1,1,1,4,1
"356",10,1,3,3,5,5,6,3,4,5,4,5,6,4,3,3,2,2,3,2,5,1,3,2,5,6,2,2,1,1,2,2,1,1,3,2,4,5,4,3,5,3,5,3,4,4,4,6,5,2,5,3,"28","Male",1,1,1,4,2
"357",10,1,6,5,4,3,7,6,5,4,6,5,4,3,6,4,4,6,5,5,4,4,3,4,2,5,1,1,2,1,2,1,1,1,5,3,5,4,3,5,3,5,4,5,4,6,5,4,5,1,5,3,"29","Male",1,1,1,6,1
"358",10,1,4,5,4,5,6,5,4,4,5,3,4,5,4,4,5,5,6,4,5,4,6,5,6,5,1,1,2,1,1,2,2,1,4,5,6,5,4,5,6,6,6,4,5,6,4,3,4,1,5,2,"30","Female",1,2,2,6,1
"359",10,1,5,5,4,5,5,4,4,5,4,5,5,5,5,4,4,4,5,4,4,5,4,5,4,4,1,1,1,1,1,1,1,1,4,4,5,4,5,6,6,4,4,2,5,4,4,4,4,1,5,3,"33","Female",1,2,1,4,2
"360",10,1,2,3,3,5,6,6,5,5,5,3,1,1,2,5,7,3,6,3,3,1,3,2,1,5,1,2,1,1,2,2,1,2,2,1,5,3,1,3,5,6,5,1,6,3,3,1,3,2,5,3,"37","Female",1,1,1,4,1
"361",10,1,1,1,2,7,7,6,7,6,1,2,1,7,6,7,7,1,2,3,2,1,2,5,1,7,1,1,1,1,2,2,1,1,1,7,5,1,1,1,7,1,7,6,7,1,6,1,7,1,5,3,"37","Male",1,1,1,4,1
"362",10,1,5,2,2,6,6,5,2,6,5,6,2,6,3,6,5,5,6,3,5,4,6,3,3,5,2,2,1,1,1,2,1,1,2,4,2,2,6,3,6,3,6,6,5,3,6,5,5,2,5,3,"55","Female",1,2,1,6,1
"363",10,1,5,6,5,6,5,3,6,6,6,6,5,6,5,6,6,5,6,6,4,6,4,6,4,5,1,2,1,2,1,1,1,1,6,4,6,5,3,4,5,5,5,3,6,3,4,6,6,1,5,3,"61","Female",1,2,2,4,2
"364",10,1,4,1,4,4,5,1,1,1,4,1,1,1,1,1,6,1,1,1,1,1,1,1,1,4,2,2,1,1,2,2,1,1,7,2,4,7,1,7,1,7,4,4,1,7,4,1,5,2,5,3,"60","Female",1,1,2,4,1
"365",10,1,7,6,7,5,7,6,7,6,7,5,7,5,6,5,7,6,7,7,7,7,6,5,7,7,1,1,1,2,1,1,2,1,7,6,7,5,7,5,6,5,7,6,7,6,7,6,7,1,5,2,"31","Male",1,2,2,4,2
"366",10,1,1,1,1,6,7,7,7,7,5,3,1,6,2,1,7,3,6,4,3,3,3,2,5,6,2,2,1,1,2,2,1,1,1,1,7,1,6,7,6,6,7,1,6,1,7,1,7,1,5,3,"24","Female",1,1,1,4,1
"367",10,1,2,2,2,5,5,4,5,5,4,3,4,5,3,2,4,1,5,3,1,5,4,1,1,6,2,1,1,1,2,2,2,2,6,2,6,3,5,5,5,3,5,2,4,4,5,4,5,2,5,3,"30","Male",1,1,1,4,1
"368",10,1,3,1,1,7,7,5,7,5,1,3,6,3,2,7,5,1,5,4,1,1,2,2,3,6,2,1,1,1,2,2,1,2,2,2,7,1,5,6,6,6,6,1,6,1,6,7,2,1,5,3,"39","Female",1,1,1,4,1
"369",10,1,3,2,4,4,4,4,5,4,5,5,5,4,6,6,6,5,6,5,5,5,6,5,4,5,1,1,1,1,2,1,2,2,5,5,3,3,3,3,6,5,3,3,3,5,3,3,3,1,5,1,"33","Female",2,1,2,6,1
"370",10,1,2,1,2,5,5,2,4,4,6,5,6,3,2,2,4,2,5,1,2,3,1,4,2,5,2,2,1,1,2,2,1,1,4,4,6,5,3,6,5,3,7,3,4,3,6,6,7,2,5,3,"35","Male",1,1,1,4,1
"371",10,1,1,2,1,7,7,6,7,6,1,2,1,2,1,1,6,2,3,3,1,1,1,1,1,7,1,1,1,1,2,2,1,1,1,1,2,1,1,7,6,1,7,1,6,1,7,1,7,1,5,3,"31","Female",1,1,1,4,1
"372",10,1,1,1,1,6,5,5,6,6,4,4,5,2,2,3,6,2,5,3,2,2,1,1,2,6,2,2,1,1,2,2,1,1,2,2,6,3,3,6,6,3,6,2,4,2,6,3,6,2,5,3,"37","Male",1,1,1,4,1
"373",10,1,1,2,2,7,7,7,7,7,6,5,6,3,3,3,7,1,3,2,2,2,2,3,2,6,2,2,1,1,2,2,1,1,1,2,7,1,4,5,7,4,6,1,4,1,6,6,5,2,5,3,"36","Male",2,1,1,4,1
"374",10,1,1,1,1,7,7,2,4,2,5,3,3,1,1,1,5,1,2,2,1,6,4,1,1,5,2,1,1,1,1,2,1,1,5,3,1,5,1,7,7,4,7,1,4,2,7,3,7,2,5,3,"34","Female",1,1,1,4,1
"375",10,1,1,2,1,7,7,7,6,7,6,1,1,2,1,1,7,2,5,2,2,1,1,1,3,7,2,2,1,1,2,2,1,1,1,1,6,1,1,7,7,7,1,1,7,1,7,1,7,1,5,3,"35","Female",1,1,1,4,1
"376",10,1,1,5,5,7,7,7,7,7,2,1,5,5,5,5,3,1,5,3,1,5,6,1,1,6,2,1,1,1,2,2,1,1,1,5,5,1,5,3,7,5,3,1,6,1,3,5,2,2,5,3,"45","Female",1,1,1,4,1
"377",10,1,1,1,1,7,7,6,7,7,7,7,5,5,2,2,7,7,7,6,3,1,1,1,1,7,2,2,1,1,2,2,1,1,1,1,7,1,3,3,7,7,7,1,6,1,7,4,7,1,5,3,"30","Male",1,1,1,4,1
"378",10,1,3,2,3,4,4,3,3,4,4,4,5,4,3,3,4,2,5,3,5,5,1,4,5,6,2,2,1,1,2,2,2,2,3,3,5,3,4,5,5,4,5,3,5,3,5,5,5,2,5,3,"28","Male",1,1,1,4,1
"379",10,1,4,4,4,4,3,3,4,4,4,4,4,3,3,3,4,2,2,2,2,2,2,2,2,5,2,2,1,1,2,2,1,1,4,4,4,5,3,3,4,4,4,5,3,4,4,4,5,2,5,3,"27","Male",1,1,1,4,1
"380",10,1,7,5,4,6,7,6,4,7,5,3,5,6,7,6,5,6,5,7,5,7,6,7,4,7,1,1,2,2,1,1,1,1,7,6,7,3,5,7,4,5,6,7,6,4,5,6,7,1,5,2,"50","Male",2,1,1,4,1
"381",10,1,6,7,4,7,6,5,5,4,5,6,5,4,6,5,4,4,3,5,5,6,7,2,7,6,1,1,1,1,2,1,1,1,2,2,2,3,4,2,7,4,6,4,6,5,2,6,4,2,5,3,"26","Female",1,1,1,4,1
"382",10,1,6,7,5,7,7,6,7,5,6,7,6,5,7,6,7,6,7,5,5,6,5,6,5,7,1,1,2,1,2,2,1,2,7,6,5,7,5,6,7,5,7,6,5,6,5,7,6,1,5,3,"25","Female",1,1,2,4,1
"383",10,1,4,4,4,4,4,6,7,6,2,1,1,6,1,2,7,1,5,2,2,1,1,3,1,6,2,2,1,1,2,2,1,1,1,1,4,1,6,7,4,7,4,4,4,2,4,1,6,2,5,3,"58","Female",1,1,1,4,1
"384",10,1,1,1,1,7,7,7,7,7,4,5,1,1,1,1,6,6,7,5,7,5,4,5,7,7,2,2,1,1,2,2,1,1,1,4,1,2,6,7,7,7,7,1,6,1,7,1,7,1,5,3,"77","Female",1,1,1,4,1
"385",10,1,5,6,5,6,7,5,6,7,6,5,7,6,5,7,7,6,6,5,7,6,7,5,7,6,2,2,2,2,2,1,2,1,5,5,6,7,6,4,5,5,7,5,7,7,6,7,6,1,5,3,"39","Male",2,1,2,6,1
"386",10,1,4,4,4,5,5,5,5,5,5,5,4,5,4,4,5,5,5,2,2,2,5,2,2,4,1,2,1,1,2,2,1,2,5,4,4,5,5,4,5,5,4,4,4,3,4,4,4,2,5,3,"30","Male",1,1,2,4,1
"387",10,1,2,1,1,7,7,5,5,2,4,1,5,4,2,3,1,1,3,4,6,2,1,5,1,6,1,2,1,1,2,2,1,1,3,7,1,4,5,6,6,7,5,1,3,2,5,7,4,2,5,3,"36","Female",1,1,1,4,2
"388",10,1,2,1,1,7,7,7,7,7,1,1,1,7,1,1,7,1,1,1,1,1,1,2,1,6,2,2,1,1,2,2,1,1,1,1,7,1,7,7,7,7,7,1,7,1,7,1,7,2,5,3,"56","Female",1,1,1,4,1
"389",10,1,6,4,6,5,5,5,4,5,4,6,5,7,7,6,4,6,5,5,4,4,2,3,1,6,1,1,1,1,1,1,1,1,6,5,4,6,5,4,6,5,4,3,6,5,6,5,4,1,5,3,"34","Male",1,1,1,6,1
"390",10,1,6,5,4,6,5,7,6,5,4,6,5,7,6,5,4,5,5,4,4,4,4,5,2,5,1,1,1,1,1,1,1,1,6,5,4,7,6,5,6,5,4,7,6,5,4,5,5,1,5,3,"38","Female",1,1,1,6,1
"391",10,1,2,2,2,5,6,3,4,3,4,3,3,2,4,7,6,2,4,3,2,5,4,2,2,2,2,2,1,1,2,2,1,1,5,2,5,6,2,4,5,3,6,2,2,3,6,4,1,1,5,3,"24","Male",1,1,1,4,2
