"","Conditions","Pre1","Pre2","Pre3","Pre4","Pre5","Pre6","Pre7","Pre8","Pre9","Pre10","Pre11","Pre12","Pre13","Pre14","Pre15","Post1","Post2","Post3","Post4","Post5","Post6","Post7","Post8","Post9","Post10","Post11","Post12","Post13","Post14","Post15"
"1",1,3,6,3,6,7,5,7,6,3,6,6,1,6,7,7,3,5,2,5,7,6,7,7,3,6,7,5,7,7,7
"2",1,5,5,5,4,5,1,2,1,6,5,6,3,6,6,4,4,5,4,4,5,2,2,6,3,5,6,4,5,4,5
"3",1,2,1,2,7,6,7,6,7,1,2,1,6,1,2,7,6,6,6,6,1,1,1,3,6,7,1,7,7,6,1
"4",1,7,7,7,7,6,6,6,7,5,6,5,5,7,7,7,1,7,7,6,6,6,7,7,7,7,5,5,7,7,7
"5",1,1,1,1,1,1,1,1,1,4,1,1,4,1,1,4,7,1,1,1,7,1,1,1,1,1,1,1,1,1,4
"6",1,4,7,7,7,7,4,4,4,4,4,4,4,7,7,4,4,4,4,4,7,4,4,4,4,4,4,4,4,4,4
"7",1,3,3,2,5,7,6,6,5,4,1,2,6,3,1,6,5,6,6,7,2,1,5,4,4,5,4,6,6,6,2
"8",1,7,7,6,6,7,6,6,7,6,4,7,6,7,1,6,1,6,6,7,7,7,7,7,7,1,7,7,7,6,7
"9",1,1,3,1,6,7,4,7,6,1,3,1,4,1,3,7,7,7,6,7,2,2,3,1,7,5,1,7,5,6,3
"10",1,2,2,2,3,3,1,2,1,1,1,2,2,3,3,1,6,6,6,6,6,5,6,5,6,6,7,6,5,6,5
"11",1,3,4,2,5,4,3,5,4,5,6,5,4,5,6,4,4,3,5,5,4,3,5,2,4,4,6,4,6,4,5
"12",1,2,4,3,4,4,4,4,4,4,4,1,6,3,4,4,6,2,2,1,2,4,1,7,3,6,1,2,6,4,5
"13",1,4,5,7,6,7,3,5,1,4,1,5,2,1,6,4,5,2,1,5,4,7,1,6,7,2,3,4,1,6,2
"14",1,7,7,7,7,7,7,7,7,3,3,2,5,7,7,6,7,7,7,7,7,7,7,7,5,5,3,5,7,7,3
"15",1,6,5,5,5,4,3,2,5,5,4,5,3,6,5,5,6,6,5,5,5,4,2,5,2,4,5,3,5,5,5
"16",1,5,5,5,5,6,5,5,5,4,5,5,4,6,6,5,5,5,5,5,6,5,5,5,4,5,5,5,6,6,5
"17",1,5,4,4,6,7,6,7,7,5,4,3,5,5,5,3,4,4,4,6,5,7,7,7,5,3,3,5,4,5,3
"18",1,3,4,4,5,6,5,4,5,2,4,4,5,3,2,4,4,6,6,5,2,3,4,2,4,4,2,3,5,5,5
"19",1,3,3,3,5,5,6,5,4,3,3,4,5,4,4,6,4,4,4,5,6,3,5,6,4,4,4,4,4,3,4
"20",1,7,7,7,7,7,7,7,7,1,7,7,7,7,7,2,1,1,7,7,7,7,7,7,7,7,7,7,7,7,7
"21",1,2,1,2,7,6,7,6,7,2,1,2,7,2,1,6,6,6,6,6,1,1,1,2,6,7,1,6,7,6,1
"22",1,1,2,2,7,7,5,6,7,2,3,1,6,1,2,7,6,6,6,6,1,1,1,2,6,5,1,6,7,6,1
"23",1,1,1,2,7,6,7,7,6,1,1,2,7,1,1,6,7,6,7,7,1,2,1,1,7,7,2,7,6,7,2
"24",1,2,2,3,6,7,7,6,6,1,2,1,4,2,3,4,5,4,3,6,5,2,4,2,5,6,6,4,3,3,2
"25",1,2,1,3,6,5,6,5,6,1,2,4,5,2,1,5,7,7,6,5,2,3,3,2,4,6,1,6,7,6,3
"26",1,3,2,3,6,4,5,6,5,4,3,3,4,3,3,4,4,6,6,4,3,3,4,3,6,5,2,5,5,5,2
"27",1,7,7,7,6,7,6,7,6,3,6,2,2,6,6,7,6,6,4,4,6,6,7,7,6,5,6,4,6,5,7
"28",1,7,7,7,7,7,7,7,7,5,5,3,4,7,7,7,1,7,7,7,7,7,7,7,7,7,1,7,7,7,1
"29",1,2,3,4,7,6,5,6,5,4,1,2,6,4,3,6,4,6,4,5,3,2,3,1,4,4,2,5,4,5,3
"30",1,3,7,5,4,6,1,5,4,2,1,1,2,4,1,3,3,5,3,4,6,2,4,3,3,1,1,4,3,1,4
"31",1,7,7,7,7,7,7,7,7,4,4,6,2,7,7,4,7,7,7,7,7,7,7,7,4,6,4,4,7,7,4
"32",1,5,6,6,6,7,6,7,6,5,7,6,5,7,7,7,5,6,5,6,6,6,5,5,5,7,7,6,7,7,7
"33",1,3,2,3,4,5,6,6,5,3,2,2,5,4,5,5,5,5,5,6,4,4,2,3,5,5,3,5,6,6,2
"34",1,6,6,7,4,5,5,4,4,5,5,6,2,6,6,6,6,5,5,5,6,5,5,5,4,4,4,3,6,6,6
"35",1,7,7,7,7,7,7,7,7,6,6,7,6,7,7,7,7,7,7,1,7,7,7,7,7,7,7,2,7,7,1
"36",1,7,7,7,7,7,7,7,7,7,7,7,7,7,7,7,7,7,7,7,7,7,7,7,7,7,7,7,7,7,7
"37",1,7,7,7,7,7,6,7,7,3,7,3,7,7,7,7,7,7,7,7,7,7,7,7,7,6,7,7,7,7,7
"38",1,2,4,3,4,5,4,6,5,3,2,3,6,3,2,5,6,6,6,6,3,3,3,2,6,5,4,6,5,6,3
"39",2,6,6,6,6,7,5,1,5,6,3,3,2,6,4,2,6,7,7,6,7,6,6,5,3,5,2,2,6,4,3
"40",2,3,5,5,5,7,3,5,3,5,5,5,7,7,7,7,3,7,5,7,7,5,5,5,6,7,7,7,7,7,7
"41",2,1,2,1,6,7,6,7,6,1,2,1,6,1,2,7,7,7,7,7,2,2,2,1,7,6,2,7,6,7,2
"42",2,4,4,4,4,4,4,4,4,4,4,4,4,4,4,4,6,7,6,6,5,6,7,7,6,5,4,6,6,6,5
"43",2,4,4,4,4,4,4,4,4,4,4,4,4,4,4,4,4,4,4,4,4,4,4,4,4,4,4,4,4,4,4
"44",2,2,3,2,7,6,5,7,5,4,2,3,6,1,3,6,7,5,5,7,2,2,2,3,7,6,1,5,6,6,2
"45",2,4,7,2,6,7,4,2,7,3,5,6,4,6,4,6,5,2,3,2,2,7,4,4,1,7,7,4,7,3,4
"46",2,5,1,2,4,7,6,6,5,2,5,3,6,6,2,7,5,6,2,6,7,7,7,6,5,6,3,6,6,4,6
"47",2,2,1,2,6,7,6,7,6,2,1,3,6,1,2,7,7,6,7,6,1,2,2,1,5,7,1,5,7,6,2
"48",2,3,1,3,3,5,2,5,2,5,6,5,2,3,5,4,6,3,3,5,3,5,2,2,2,3,3,6,3,3,5
"49",2,7,7,7,7,7,7,7,7,4,7,4,4,7,7,4,7,7,7,7,7,7,4,7,4,4,4,4,7,7,4
"50",2,6,6,6,7,7,6,6,6,2,5,3,2,6,6,3,7,7,7,6,6,6,7,7,5,5,6,4,7,6,3
"51",2,7,7,7,6,5,5,6,5,2,3,1,1,7,6,3,7,7,7,5,6,5,6,6,3,2,1,2,7,6,2
"52",2,3,2,4,5,6,3,4,6,3,5,4,6,5,4,6,3,6,4,4,6,4,6,4,4,5,3,5,6,4,2
"53",2,3,3,3,5,5,5,5,5,3,3,3,5,3,3,5,4,4,4,4,4,4,4,4,4,4,4,4,4,4,4
"54",2,4,5,1,3,2,3,3,6,1,7,2,3,5,2,5,6,2,5,3,5,2,2,7,1,2,5,4,5,4,2
"55",2,3,3,2,6,5,6,5,4,2,3,2,6,2,3,7,5,7,7,6,2,3,1,1,5,6,2,6,6,5,2
"56",2,7,7,6,7,7,5,3,6,5,7,6,3,6,6,5,7,7,7,6,7,6,7,7,6,6,7,7,5,5,7
"57",2,5,4,3,6,7,6,5,4,5,6,5,4,3,3,6,5,3,3,5,6,2,6,6,1,4,4,7,6,5,5
"58",2,7,7,7,6,1,5,4,5,5,4,6,4,7,6,5,1,4,5,7,7,7,4,4,4,4,5,4,7,6,7
"59",2,7,7,7,5,6,6,5,5,3,4,3,3,6,6,3,1,7,6,7,7,4,5,6,6,6,3,4,6,5,6
"60",2,7,7,7,7,5,3,5,3,4,4,4,1,4,7,4,7,7,7,7,7,3,7,3,7,4,4,1,7,7,4
"61",2,4,4,3,5,5,3,4,4,3,3,4,4,3,3,3,4,4,4,4,4,4,4,4,4,4,4,4,4,4,4
"62",2,2,4,1,1,2,1,1,1,6,5,3,1,3,3,7,5,2,4,2,3,6,2,2,1,4,2,3,2,5,7
"63",2,1,5,2,4,7,7,6,7,5,5,4,3,6,3,7,7,7,5,7,6,6,7,7,6,7,2,2,5,6,7
"64",2,3,2,1,6,5,6,5,4,3,2,3,4,2,3,4,5,7,7,5,2,2,2,3,5,6,2,7,6,5,2
"65",2,1,1,1,6,7,7,7,7,1,1,1,6,1,1,7,6,6,6,6,1,2,1,1,5,6,1,6,6,7,2
"66",2,2,1,2,6,6,7,7,6,2,1,1,7,1,2,7,6,6,6,7,1,1,1,3,6,6,3,6,6,6,2
"67",2,2,1,2,5,6,7,5,6,3,2,1,6,3,2,6,5,5,5,5,2,2,2,3,5,6,2,5,6,5,2
"68",2,7,7,7,7,7,6,7,6,6,7,7,4,7,6,7,7,7,7,7,7,6,7,7,6,7,7,5,2,4,7
"69",2,6,7,6,5,6,2,4,4,3,7,6,7,7,6,6,6,6,5,5,5,5,5,5,4,7,6,5,2,6,6
"70",2,7,7,7,7,7,7,7,7,2,7,2,5,7,7,7,7,7,3,7,7,7,7,7,1,3,3,7,7,3,7
"71",2,1,4,1,1,1,1,1,1,4,1,1,1,1,1,1,1,4,1,1,1,1,1,1,1,1,1,1,1,1,1
"72",2,7,7,7,6,6,6,5,5,3,4,4,4,5,5,4,6,5,6,6,6,5,6,6,4,4,4,6,6,6,4
"73",2,6,7,5,5,7,5,5,4,4,2,4,3,6,5,6,5,7,6,6,7,5,5,5,4,6,4,4,5,6,7
"74",2,2,2,2,6,7,6,7,6,2,1,1,7,1,1,7,6,6,7,6,2,2,2,3,6,7,2,6,7,6,2
"75",2,3,2,1,7,6,7,6,7,2,1,2,7,3,1,6,7,7,5,6,4,3,2,6,5,5,2,4,3,7,2
"76",2,2,1,3,6,4,5,6,7,2,4,3,6,1,2,5,5,6,4,6,1,2,5,2,5,5,7,4,7,7,1
"77",2,4,5,5,4,4,4,4,4,4,5,3,3,6,6,3,5,6,4,5,6,4,5,4,6,5,3,4,6,5,4
"78",2,5,6,6,6,7,5,5,5,5,6,6,6,6,5,6,6,7,6,6,7,6,6,6,6,6,6,6,6,6,6
"79",2,2,1,2,7,6,6,7,6,1,1,2,6,1,1,6,6,7,7,7,2,1,2,3,7,6,2,6,7,6,1
"80",2,5,2,6,5,6,6,4,5,2,4,3,4,3,3,4,6,6,3,4,2,4,3,3,4,4,5,4,5,6,5
"81",2,7,6,6,6,6,6,6,7,2,2,1,4,5,4,6,6,5,5,6,6,6,6,6,6,5,5,5,5,5,7
"82",3,3,4,4,5,3,4,5,4,2,4,2,4,3,4,5,5,4,7,3,5,4,5,3,5,6,2,3,5,5,6
"83",3,4,3,3,6,6,5,4,6,2,3,3,4,4,2,6,3,5,5,5,3,6,3,4,4,4,4,3,4,6,5
"84",3,2,3,1,7,6,5,1,5,3,2,7,7,1,7,6,3,2,2,6,1,1,3,5,6,7,6,1,7,1,7
"85",3,1,3,1,5,6,7,4,5,1,2,3,4,2,1,6,7,7,7,5,2,3,3,3,7,6,2,7,6,7,2
"86",3,7,7,7,7,7,5,7,5,1,5,7,3,5,6,4,7,7,7,7,7,5,5,5,3,5,7,3,5,5,4
"87",3,5,6,6,6,5,1,4,3,5,6,2,3,4,5,3,7,7,6,5,6,2,4,3,4,5,1,5,5,6,4
"88",3,6,7,7,7,7,3,7,7,7,7,6,6,7,7,7,1,6,2,7,7,7,7,7,4,1,7,6,7,7,7
"89",3,1,2,1,6,7,7,6,7,1,2,1,6,1,2,7,7,7,7,7,2,2,2,1,7,6,2,7,6,7,2
"90",3,1,1,1,7,7,7,7,7,1,1,1,7,1,1,7,7,7,7,7,1,1,1,1,7,7,1,7,7,7,1
"91",3,7,7,7,4,7,2,7,2,1,1,3,1,7,3,7,7,7,7,7,7,7,7,2,5,1,6,1,7,6,7
"92",3,6,7,6,7,7,6,7,6,7,2,1,6,7,1,6,7,7,7,6,7,7,7,7,7,1,7,1,7,7,7
"93",3,3,2,1,5,4,2,1,2,4,3,2,7,2,3,4,4,5,5,3,2,5,2,2,7,4,4,2,2,3,3
"94",3,3,5,6,3,5,2,3,3,3,6,5,2,6,6,2,2,2,3,2,6,5,5,6,3,2,6,2,3,2,6
"95",3,3,2,4,5,7,4,5,7,5,2,3,7,3,2,4,5,5,5,5,2,2,2,3,5,6,2,5,6,5,2
"96",3,3,7,3,2,3,1,6,1,4,7,5,1,7,7,7,3,5,5,2,6,3,7,4,1,6,5,1,7,7,1
"97",3,6,7,7,6,7,2,5,6,5,4,4,5,6,5,3,7,6,6,6,7,6,6,5,4,5,5,5,5,5,4
"98",3,2,2,2,6,6,6,6,6,2,2,2,6,2,2,6,5,5,6,6,2,2,2,2,5,6,3,6,6,6,2
"99",3,2,1,2,5,7,6,7,5,2,1,2,5,2,2,5,6,6,5,6,4,3,1,2,6,5,2,6,5,5,1
"100",3,2,1,2,7,6,7,6,7,2,1,2,7,2,3,6,6,6,5,6,3,1,1,2,6,7,2,6,5,7,1
"101",3,3,3,3,6,5,6,5,6,3,2,2,3,5,3,4,3,5,2,2,5,6,5,4,4,3,3,4,3,5,4
"102",3,1,2,1,5,7,6,6,6,2,1,2,6,1,2,6,7,6,7,6,2,1,2,2,7,7,1,6,7,6,2
"103",3,6,5,5,5,6,3,5,5,4,4,3,3,3,3,3,5,5,5,5,3,4,5,5,4,5,3,3,3,3,3
"104",3,1,7,7,4,7,4,4,2,6,6,6,3,6,5,2,4,3,4,4,5,4,4,4,5,4,4,4,4,4,4
"105",3,1,2,1,6,5,7,7,6,1,3,1,6,1,2,7,7,5,4,5,4,3,4,1,5,4,2,6,4,4,2
"106",3,6,5,4,5,6,7,6,5,4,5,6,1,6,5,4,4,4,2,6,5,3,7,6,2,5,5,6,7,4,5
"107",3,2,3,1,1,1,1,1,1,7,7,1,1,2,1,1,1,1,1,4,4,1,3,3,1,1,1,1,1,1,1
"108",3,7,7,7,7,7,7,7,7,4,7,7,6,7,7,7,7,7,7,7,7,7,7,7,4,7,7,7,7,7,7
"109",3,5,6,7,6,7,5,5,5,6,6,5,4,7,5,7,6,6,3,7,7,6,6,6,6,6,6,4,7,3,7
"110",3,7,7,7,7,7,7,7,7,6,7,7,7,7,4,7,7,7,7,7,7,7,7,7,7,7,7,7,7,7,7
"111",3,5,5,6,4,4,4,4,4,4,3,3,4,7,5,3,4,4,5,4,4,4,4,4,4,3,3,5,6,5,1
"112",3,5,7,7,4,7,5,5,6,6,3,7,4,5,5,7,5,5,5,7,7,7,5,6,5,6,7,5,5,5,7
"113",3,5,6,4,5,5,3,4,3,5,6,2,2,3,2,5,6,5,4,5,5,4,4,3,2,2,2,2,3,2,3
"114",3,7,7,6,7,6,5,4,2,6,3,2,2,6,7,3,7,7,7,7,7,3,4,4,3,3,1,3,7,7,6
"115",3,4,6,6,4,4,5,6,6,4,6,7,3,6,6,5,5,5,3,5,3,6,6,6,6,5,7,5,5,5,4
"116",3,7,7,6,7,7,6,7,7,7,7,6,1,6,7,7,1,7,1,7,7,6,7,7,7,6,1,2,7,7,7
"117",3,7,7,7,7,7,7,7,7,2,7,7,7,7,6,7,7,7,7,7,7,7,7,7,5,7,7,7,7,7,7
"118",3,1,3,3,4,6,3,6,5,3,2,4,7,2,2,5,5,5,5,3,7,3,3,7,6,3,6,3,4,4,2
"119",3,4,3,2,3,5,5,6,5,2,3,4,3,3,3,6,4,6,6,5,3,3,3,3,6,6,3,5,6,6,2
"120",4,2,1,2,6,6,6,7,6,2,3,2,5,2,2,7,6,7,6,7,2,2,2,2,5,6,1,6,6,5,1
"121",4,4,4,4,4,4,4,4,4,4,4,4,4,4,4,4,4,4,4,4,4,4,4,4,4,4,4,4,4,4,4
"122",4,6,6,5,4,7,1,2,1,3,6,1,2,3,3,7,2,6,5,5,5,1,4,2,3,3,3,4,7,5,5
"123",4,7,6,6,4,7,7,3,5,3,5,6,3,6,3,7,7,7,7,4,6,3,5,6,2,6,6,5,1,3,7
"124",4,7,7,7,7,7,7,6,5,5,7,6,7,7,7,7,7,7,7,7,7,6,3,7,6,3,6,7,7,2,7
"125",4,5,5,5,5,6,6,5,5,3,2,3,5,5,5,5,3,5,3,6,6,5,5,5,3,3,6,3,3,3,6
"126",4,7,7,7,2,7,7,4,7,4,1,3,3,6,7,6,7,6,7,7,7,7,3,7,6,5,4,6,7,7,7
"127",4,1,2,1,6,7,6,6,5,2,2,1,6,1,2,7,7,7,6,7,2,3,4,1,7,6,1,7,6,7,2
"128",4,2,3,3,4,5,6,5,3,3,3,4,5,2,4,4,3,4,5,3,5,3,3,3,6,5,4,5,4,3,5
"129",4,3,1,3,7,3,4,2,3,3,6,3,5,6,2,3,6,6,5,5,5,5,5,6,5,4,5,5,3,5,3
"130",4,6,7,7,6,7,7,6,7,5,3,1,5,1,3,7,3,4,2,1,7,6,7,7,6,2,1,1,3,6,6
"131",4,7,7,7,7,7,7,7,7,4,7,7,7,7,7,7,7,7,7,7,7,7,6,7,5,7,7,7,7,7,7
"132",4,3,2,3,3,5,5,4,6,3,4,3,5,4,5,5,5,6,5,5,2,4,5,4,5,4,2,5,6,5,2
"133",4,7,7,7,7,7,7,7,7,7,2,1,7,7,1,7,7,7,1,7,7,7,7,7,7,1,1,7,7,7,7
"134",4,3,3,3,4,4,5,5,4,3,3,3,3,3,3,4,3,3,3,5,5,5,5,5,4,4,4,5,4,3,4
"135",4,7,7,6,6,6,4,5,4,4,4,1,3,7,7,5,1,7,6,5,6,4,4,4,4,3,3,5,7,6,3
"136",4,1,2,2,4,6,5,6,6,3,4,2,2,3,2,2,6,3,2,5,7,5,6,5,3,5,3,2,3,3,6
"137",4,7,7,7,7,7,7,5,7,7,7,4,5,7,7,7,1,7,7,7,7,7,5,7,7,7,5,7,7,7,7
"138",4,6,7,6,6,7,4,6,5,4,4,5,3,6,6,6,6,5,7,6,7,5,6,5,4,5,5,4,7,4,6
"139",4,3,6,4,1,1,1,1,1,4,4,4,1,4,4,1,3,4,3,1,1,1,1,7,1,1,4,1,4,3,7
"140",4,2,1,2,5,7,6,7,6,1,2,1,7,2,1,6,6,6,6,6,1,1,1,2,6,7,1,6,5,7,1
"141",4,1,2,1,7,6,7,6,7,2,1,1,6,1,2,7,7,7,6,6,2,2,1,2,7,7,1,7,7,7,1
"142",4,5,7,7,3,2,2,7,2,5,6,6,7,6,6,3,2,1,7,2,6,1,6,4,2,1,6,2,3,1,1
"143",4,1,1,1,7,7,7,7,7,1,1,1,7,1,1,7,7,7,7,7,1,1,1,1,7,7,1,7,7,7,1
"144",4,4,4,4,4,4,4,4,4,4,4,4,4,4,4,4,4,4,4,4,4,4,4,4,4,4,4,4,4,4,4
"145",4,2,2,2,6,7,6,7,6,2,1,2,7,2,2,6,6,6,7,7,1,1,1,2,6,7,2,7,6,7,1
"146",4,3,1,2,6,7,6,6,7,2,2,1,6,1,2,7,6,6,6,7,1,1,2,2,7,7,1,6,7,7,1
"147",4,7,6,5,7,7,7,7,7,1,5,4,5,5,6,5,6,7,6,7,7,7,7,7,7,6,6,7,6,6,7
"148",4,7,7,7,7,7,7,7,7,7,7,7,5,7,7,7,7,7,7,7,7,7,7,7,7,6,6,5,7,7,7
"149",4,7,7,7,7,7,5,5,5,1,5,2,4,7,7,4,7,7,7,7,7,6,7,7,7,6,5,5,7,7,7
"150",4,5,5,5,5,5,3,4,2,3,3,3,2,5,5,5,5,5,5,5,5,4,4,4,4,3,3,3,3,5,5
"151",4,3,2,2,7,6,5,6,6,3,2,3,5,2,3,6,5,5,5,7,2,2,3,2,4,4,2,5,6,6,3
"152",4,4,2,2,4,4,4,4,4,4,6,6,4,6,6,4,4,4,4,4,4,4,2,5,4,6,6,4,6,6,4
"153",4,1,3,7,7,7,6,5,7,3,4,6,5,7,7,6,1,6,7,7,7,7,6,7,5,4,4,5,6,6,6
"154",4,7,7,7,7,5,7,6,6,2,2,4,6,2,7,6,6,7,7,7,7,6,3,7,5,5,1,5,5,5,5
"155",4,5,6,5,5,7,5,6,5,1,3,3,4,3,2,5,3,5,4,6,5,4,2,5,5,4,3,6,4,6,6
"156",4,5,5,5,4,4,2,4,4,4,5,4,4,4,3,2,5,5,5,4,5,4,4,4,4,4,4,4,5,3,3
"157",4,4,6,6,6,6,6,5,5,4,6,3,6,5,4,5,6,6,6,6,7,4,4,5,5,4,4,5,6,6,6
"158",4,6,6,6,6,7,4,3,4,5,6,7,4,7,7,7,2,7,3,6,7,7,4,3,4,6,7,4,7,7,7
"159",4,7,7,7,6,6,5,5,6,4,6,6,4,7,6,6,7,7,7,6,7,5,5,6,6,6,6,5,7,6,6
"160",4,7,7,7,7,7,7,7,6,6,6,7,5,7,7,7,1,7,7,7,7,5,2,7,6,7,7,7,7,7,7
"161",4,6,6,6,6,6,6,6,5,5,2,5,6,6,6,6,2,5,3,6,6,6,5,6,6,2,6,2,6,5,6
"162",4,6,6,6,6,7,5,6,6,3,6,3,3,6,6,5,5,6,3,5,6,5,5,3,5,2,4,5,5,5,3
"163",4,7,7,7,7,7,7,7,7,4,7,1,5,7,7,7,4,6,5,5,7,5,3,5,2,3,2,2,1,6,6
"164",5,5,3,5,5,3,5,3,5,2,5,3,3,3,5,5,3,4,5,3,3,3,4,5,6,5,3,3,5,6,3
"165",5,5,6,6,4,3,2,3,1,5,6,2,4,4,3,5,3,4,3,2,5,2,1,3,2,3,3,3,3,4,5
"166",5,6,5,7,7,7,7,7,6,4,7,6,5,7,7,6,7,7,7,7,7,7,7,7,6,6,7,7,7,7,2
"167",5,6,6,6,6,7,6,6,6,5,5,5,5,6,6,4,6,7,7,6,7,6,6,6,6,3,6,6,6,6,5
"168",5,7,7,7,7,7,5,6,5,6,6,2,3,6,7,5,7,7,7,7,7,7,7,6,5,3,5,5,7,6,6
"169",5,4,4,4,4,4,4,4,4,4,4,4,4,4,4,4,4,4,4,4,4,4,4,4,4,4,4,4,4,4,4
"170",5,3,2,3,2,5,6,3,2,2,3,2,2,3,1,5,6,4,6,5,6,5,3,3,7,6,5,6,2,6,3
"171",5,2,3,1,7,5,6,4,5,3,1,3,6,2,4,6,6,6,4,7,1,3,2,3,4,6,4,5,4,6,1
"172",5,1,3,3,5,5,4,7,4,1,5,7,3,5,7,2,1,2,4,5,6,6,3,1,5,7,4,6,5,1,5
"173",5,7,7,7,7,7,7,7,7,7,7,7,7,7,7,7,7,7,7,7,7,1,7,7,7,1,7,7,7,7,7
"174",5,1,1,1,7,7,7,7,7,1,1,1,7,1,1,7,7,7,7,7,1,7,1,7,7,7,1,7,7,7,7
"175",5,2,6,2,6,4,6,6,7,2,3,4,5,3,4,6,4,5,5,4,6,3,4,3,5,5,4,3,6,5,2
"176",5,1,2,3,4,6,5,7,6,3,2,2,5,1,3,6,4,4,5,4,2,1,4,2,5,5,4,6,5,6,3
"177",5,7,7,7,7,7,1,7,7,3,7,7,7,7,7,7,7,7,7,4,7,7,7,7,4,7,7,7,7,7,7
"178",5,1,1,2,6,7,6,7,6,1,2,1,6,1,2,7,7,7,7,6,2,2,2,1,7,7,2,7,7,7,1
"179",5,7,7,7,7,7,7,5,5,4,4,7,4,7,7,7,7,7,7,7,7,5,5,7,4,4,7,4,7,7,7
"180",5,5,5,4,5,6,5,6,6,5,5,4,3,6,3,4,3,6,4,5,7,6,6,6,6,3,5,4,2,4,3
"181",5,5,4,3,6,7,6,5,4,5,6,7,2,5,4,5,6,7,3,5,2,2,4,5,5,6,6,3,4,3,4
"182",5,5,3,3,6,5,2,5,3,6,6,2,1,5,4,2,3,3,3,6,6,3,5,3,2,3,3,2,5,5,2
"183",5,7,7,7,7,7,7,7,7,7,7,7,1,7,7,7,6,7,7,7,7,7,7,7,7,7,7,7,7,7,7
"184",5,6,6,7,7,7,6,6,6,7,6,5,5,7,7,7,7,7,7,7,7,5,5,6,2,3,2,6,7,7,1
"185",5,2,1,2,7,5,6,7,6,3,2,1,6,1,2,7,6,5,7,7,2,1,2,2,7,6,2,6,7,6,1
"186",5,5,7,5,5,6,2,5,5,4,6,4,6,7,6,7,6,7,5,4,4,4,5,6,5,7,5,7,7,7,7
"187",5,2,1,2,5,6,7,6,5,1,2,1,6,3,2,7,6,6,6,6,1,3,3,2,6,5,1,6,7,6,1
"188",5,7,7,7,7,7,5,7,7,2,3,3,1,5,6,7,7,7,7,7,6,7,7,7,4,6,4,4,6,6,7
"189",5,7,7,7,7,7,7,7,7,6,6,4,6,7,4,7,7,7,7,7,7,7,7,7,7,4,4,7,7,4,7
"190",5,7,7,6,6,7,6,5,5,3,4,2,2,6,6,7,2,1,6,6,7,2,7,7,6,6,6,4,2,6,7
"191",5,1,3,7,7,7,5,6,7,1,3,3,6,7,7,5,1,6,6,7,7,7,7,7,7,4,4,5,6,7,6
"192",5,5,2,3,3,4,6,2,3,2,3,5,5,1,6,4,4,4,4,6,2,7,1,2,3,2,3,3,5,7,5
"193",5,4,2,3,6,7,6,5,4,4,5,3,5,4,5,6,3,5,2,6,6,6,4,2,4,4,6,4,4,3,5
"194",5,7,7,7,7,7,7,7,7,3,6,5,5,7,7,4,1,7,7,7,7,7,7,7,7,6,7,1,7,5,7
"195",5,6,6,6,4,6,4,5,4,4,6,2,4,6,2,5,2,6,6,4,6,5,3,5,3,5,2,5,5,5,6
"196",5,7,7,7,4,7,6,7,6,4,5,5,6,6,6,7,7,7,5,6,7,6,7,7,6,5,4,6,5,6,7
"197",5,7,7,7,7,7,7,7,7,1,4,1,7,7,7,7,7,7,7,7,7,7,7,7,7,7,1,7,7,7,7
"198",5,7,7,5,7,7,7,7,7,3,3,1,1,7,3,1,7,7,6,7,7,7,7,7,7,7,7,6,7,7,7
"199",5,7,7,7,7,7,6,7,7,6,5,5,5,7,5,7,5,7,1,7,7,6,7,7,7,6,7,2,7,6,7
"200",5,3,4,5,5,5,4,5,5,4,3,5,4,5,4,6,4,4,5,7,6,4,3,5,4,5,4,5,4,5,5
"201",5,1,2,1,6,7,6,7,6,1,2,1,6,1,2,7,7,7,7,7,2,2,2,1,7,6,2,7,6,7,2
"202",6,4,4,4,4,4,4,4,4,4,4,4,4,4,4,4,4,4,4,4,4,4,4,4,4,4,4,4,4,4,4
"203",6,2,3,2,7,6,5,7,6,3,2,1,6,4,2,7,5,5,7,5,1,2,3,3,6,6,2,7,6,5,1
"204",6,2,4,7,2,4,7,6,1,3,1,4,6,4,7,4,1,7,6,6,5,7,3,2,1,7,3,1,4,6,6
"205",6,1,2,1,6,6,7,6,7,1,2,2,7,2,1,7,6,6,6,6,1,1,1,2,7,7,1,7,7,7,1
"206",6,2,3,1,6,5,6,5,4,2,1,2,5,4,2,7,6,5,6,7,2,3,2,2,7,6,3,6,5,7,3
"207",6,5,6,6,4,6,5,5,4,4,5,3,3,6,5,6,6,5,6,4,5,6,6,5,4,3,3,3,3,4,6
"208",6,3,4,5,7,4,7,5,4,7,6,6,5,3,5,4,4,5,6,6,4,4,5,1,4,4,4,6,5,5,2
"209",6,2,3,4,5,6,5,4,5,4,3,2,5,4,3,5,4,5,4,5,4,3,3,2,6,4,2,4,6,5,3
"210",6,2,4,7,2,4,2,3,2,4,5,3,5,3,3,6,7,7,3,6,7,4,7,3,6,2,3,4,3,4,6
"211",6,7,7,6,5,5,6,5,6,3,6,4,3,7,7,4,7,7,6,7,6,7,6,7,5,5,7,5,7,7,7
"212",6,3,7,1,6,1,5,3,7,5,7,4,5,5,5,7,3,2,7,7,4,3,3,5,1,5,1,5,3,7,1
"213",6,3,2,4,6,4,5,7,6,4,2,4,6,4,2,5,6,4,6,4,3,4,3,2,4,5,4,5,6,5,3
"214",6,3,2,3,6,5,6,5,6,3,2,3,6,3,2,5,5,5,5,5,2,2,2,3,5,6,2,5,7,5,2
"215",6,2,4,6,6,5,1,6,5,7,3,5,1,7,1,5,4,3,3,4,3,2,6,3,3,3,2,2,1,3,3
"216",6,4,3,6,2,7,7,3,7,5,3,7,4,6,5,6,5,6,6,5,3,4,3,3,5,6,3,3,5,5,2
"217",6,5,6,5,7,6,7,3,7,3,2,1,6,7,7,7,7,6,3,7,7,7,4,7,5,5,7,6,4,1,4
"218",6,7,7,7,7,7,5,3,4,7,7,7,7,7,7,7,7,7,7,7,7,7,5,7,7,7,7,7,7,7,7
"219",6,7,7,7,7,7,7,7,7,7,7,7,7,7,7,7,7,7,7,7,7,7,7,7,7,1,7,7,7,7,7
"220",6,7,7,7,7,7,7,6,7,7,7,7,7,7,7,7,7,7,1,7,7,7,5,7,1,1,7,7,7,7,1
"221",6,1,2,1,6,7,7,6,7,2,1,2,7,2,1,6,6,6,6,6,1,1,1,2,6,7,1,6,7,6,1
"222",6,2,2,2,7,6,5,5,5,2,3,3,5,2,3,6,6,6,6,6,1,2,3,1,5,5,1,6,5,5,2
"223",6,6,5,6,4,7,5,5,6,5,7,6,5,7,7,7,4,3,3,5,7,7,7,7,6,6,7,5,6,6,7
"224",6,7,7,6,5,6,5,4,5,4,6,6,5,6,6,4,6,7,6,6,6,4,4,5,5,6,6,5,6,7,4
"225",6,7,6,6,6,6,5,6,5,4,5,3,5,6,5,5,2,5,5,6,7,5,5,5,6,5,5,5,6,6,6
"226",6,6,6,6,2,5,2,3,2,6,6,2,2,3,6,2,5,5,5,5,7,2,4,2,1,5,3,2,5,6,2
"227",6,2,1,5,6,7,4,1,4,1,4,6,5,1,4,1,7,1,5,4,5,4,1,4,5,6,5,3,7,6,2
"228",6,5,7,6,4,4,5,6,5,2,5,4,5,7,6,7,4,6,5,4,5,5,6,5,4,5,4,5,7,6,7
"229",6,5,6,5,2,2,2,2,2,4,4,4,1,6,6,5,5,6,3,3,4,2,3,2,1,3,3,1,5,5,5
"230",6,7,7,7,7,7,7,1,1,7,7,7,1,7,7,7,7,7,7,7,7,7,7,7,7,7,7,7,7,7,7
"231",6,4,3,4,5,4,4,5,4,5,4,3,4,5,4,5,4,4,5,6,3,3,4,4,5,5,2,4,5,5,3
"232",6,5,6,3,6,7,7,7,7,2,2,6,5,3,2,5,6,7,5,7,7,7,7,7,6,6,7,6,6,5,6
"233",6,6,6,3,5,4,5,5,5,3,4,2,1,4,6,1,5,7,2,4,6,5,7,3,1,4,1,1,4,4,1
"234",6,3,3,3,4,4,5,4,5,3,4,5,4,4,5,4,3,3,4,3,2,5,4,4,4,3,4,3,4,4,5
"235",6,7,7,7,6,7,5,5,6,7,7,6,4,7,6,7,7,7,7,6,7,7,6,7,6,6,6,5,7,5,7
"236",6,2,3,4,6,4,5,4,3,2,3,4,5,4,2,7,5,5,5,4,2,3,2,3,4,3,4,4,5,6,4
"237",6,7,7,7,7,7,2,4,5,2,6,7,4,7,7,4,7,7,7,7,7,3,5,5,3,6,7,4,7,7,4
"238",6,3,2,3,6,5,6,5,6,3,3,3,6,3,2,5,5,5,5,5,2,2,2,3,5,6,2,5,6,5,2
"239",6,3,2,3,6,5,6,5,6,3,2,3,6,3,2,5,6,6,7,6,3,3,3,2,6,5,3,6,5,6,3
"240",7,6,6,6,7,7,7,7,7,6,6,6,2,6,4,7,4,3,1,4,4,4,7,7,1,4,7,1,7,1,7
"241",7,7,7,7,7,7,7,7,6,5,4,6,7,7,7,7,7,7,7,7,7,7,7,6,6,4,6,7,7,7,7
"242",7,7,7,7,7,7,7,7,7,7,7,7,7,7,7,7,7,7,7,7,7,7,7,7,7,7,7,7,7,7,7
"243",7,6,7,6,6,7,6,6,5,6,7,7,5,7,7,6,7,7,7,7,7,7,7,6,5,7,7,6,7,7,7
"244",7,7,6,6,7,7,7,6,7,7,6,1,4,7,7,7,2,7,3,7,7,7,2,7,7,1,2,7,2,7,7
"245",7,7,7,7,7,7,6,7,7,2,6,6,5,7,1,7,7,7,7,7,7,7,1,7,6,6,6,6,7,7,7
"246",7,5,7,6,1,1,1,1,1,4,4,2,1,4,3,4,3,4,3,1,2,2,1,1,1,1,2,2,4,3,2
"247",7,2,3,2,5,7,5,6,5,2,1,2,5,2,1,6,7,7,7,7,2,2,2,2,6,6,1,7,6,7,2
"248",7,1,3,2,7,5,6,7,6,3,1,2,5,1,2,5,6,6,6,6,3,1,1,1,6,7,3,6,5,7,3
"249",7,1,4,7,7,7,1,1,7,4,4,4,4,1,4,4,4,6,5,7,7,5,6,5,4,4,3,5,1,4,4
"250",7,3,4,4,5,3,4,5,4,5,3,3,4,4,3,4,4,4,5,4,3,5,4,4,4,5,4,5,4,4,3
"251",7,6,7,7,6,7,6,4,6,3,5,2,2,7,7,6,6,6,6,7,7,6,4,6,6,4,5,4,7,7,7
"252",7,4,3,4,6,6,6,5,5,3,4,2,5,4,3,4,6,2,6,2,2,2,2,5,2,2,4,5,2,3,2
"253",7,4,5,5,6,6,5,5,4,5,4,3,5,4,4,5,5,5,4,5,6,4,5,6,5,5,3,5,4,5,5
"254",7,3,3,3,4,4,4,5,5,4,3,3,5,4,4,4,5,4,5,5,3,4,3,3,5,4,3,4,5,5,3
"255",7,1,2,1,7,5,6,7,7,3,2,1,6,1,3,7,7,5,6,7,1,2,4,1,7,6,1,5,7,6,3
"256",7,5,6,5,4,5,3,2,4,5,6,5,4,5,4,3,4,4,4,4,6,5,4,5,3,3,4,2,4,3,6
"257",7,1,2,1,6,7,6,7,6,1,2,1,6,1,3,7,6,6,5,7,1,1,2,1,7,5,2,6,5,7,2
"258",7,2,3,2,5,6,5,6,5,2,3,2,5,2,3,6,5,5,5,5,2,2,2,3,5,6,2,5,6,5,2
"259",7,7,7,7,7,7,7,7,7,5,5,7,6,7,7,6,7,7,7,7,7,7,7,7,7,7,7,7,7,7,7
"260",7,3,2,2,4,5,1,2,2,4,5,6,3,7,7,7,3,3,3,5,4,3,6,2,4,4,7,4,7,7,7
"261",7,5,6,6,6,6,4,4,4,5,7,7,4,5,4,7,6,6,5,5,7,5,4,5,6,6,7,5,5,6,1
"262",7,7,7,7,7,7,6,6,5,5,5,3,1,7,7,7,7,7,7,7,7,7,1,7,7,7,4,6,7,4,7
"263",7,5,6,3,6,7,3,5,7,2,4,6,2,4,2,2,4,3,4,7,7,5,6,7,3,6,4,4,5,6,2
"264",7,3,2,3,5,6,5,6,6,3,2,3,6,2,3,6,6,6,6,6,3,3,3,2,6,5,3,6,5,6,3
"265",7,4,1,2,5,6,3,1,6,1,3,5,4,3,1,6,5,5,7,7,1,1,3,4,6,4,2,6,5,5,2
"266",7,6,6,7,6,6,1,4,5,6,6,6,5,7,7,6,6,6,6,5,7,5,5,3,5,5,6,5,6,6,7
"267",7,7,6,6,5,6,5,6,6,4,6,5,5,7,6,6,1,6,5,5,7,6,6,5,5,6,5,6,7,6,7
"268",7,7,7,7,7,7,7,4,4,4,3,3,5,2,2,5,7,5,4,6,3,7,3,7,6,6,6,5,7,6,7
"269",7,7,7,7,7,7,7,7,7,6,4,7,1,7,7,7,7,7,7,7,7,7,2,7,7,7,7,5,7,7,1
"270",7,5,6,6,6,6,5,6,5,3,4,7,3,6,3,1,1,7,6,7,7,7,7,7,7,6,7,6,7,6,6
"271",7,7,6,7,7,7,6,7,6,7,1,7,1,7,1,7,7,7,7,5,7,7,7,7,7,1,7,7,7,7,7
"272",7,7,7,4,1,7,5,5,5,7,7,4,5,7,4,7,6,1,5,7,7,7,5,7,4,7,7,6,7,7,7
"273",7,7,7,7,7,7,5,5,4,5,6,4,1,7,7,5,1,7,7,7,7,7,7,7,5,6,6,4,7,7,7
"274",7,6,7,6,4,7,4,3,4,2,4,2,2,4,5,7,6,3,3,6,7,4,4,4,3,2,2,3,4,5,7
"275",7,5,5,5,6,7,3,5,4,7,6,1,1,4,5,1,5,6,6,7,7,5,7,5,5,4,5,4,3,5,3
"276",7,7,6,6,7,7,5,6,5,1,6,6,6,7,7,7,1,6,6,7,7,7,7,7,7,7,1,7,7,7,7
"277",7,7,7,5,6,7,7,7,7,3,3,1,2,5,1,3,7,7,6,7,7,7,7,7,6,2,7,5,5,5,6
"278",7,4,6,7,3,7,5,5,4,3,5,5,3,7,7,7,2,5,5,4,7,5,5,5,4,6,2,4,6,7,7
"279",8,1,3,3,4,5,2,2,1,4,4,4,4,5,6,4,3,2,2,4,3,1,2,1,2,2,2,4,6,4,4
"280",8,1,5,6,6,7,7,7,5,3,6,3,7,7,5,7,3,7,6,5,7,3,5,3,7,1,7,1,7,7,7
"281",8,4,4,4,4,4,4,4,4,4,4,4,4,4,4,4,4,4,4,4,4,4,4,4,4,4,4,4,4,4,4
"282",8,5,6,6,6,6,4,5,5,4,3,2,5,7,7,7,4,5,4,3,4,3,4,5,3,3,1,3,4,4,7
"283",8,6,6,4,5,4,3,5,5,5,6,6,5,6,5,4,6,7,5,6,5,5,6,5,6,6,7,7,6,6,6
"284",8,6,7,6,6,7,7,6,6,5,6,7,1,6,2,7,6,5,6,4,5,7,6,7,7,1,7,5,5,5,7
"285",8,2,3,1,5,6,4,7,4,2,4,1,4,2,4,7,5,4,3,4,2,1,2,3,4,7,2,4,6,4,1
"286",8,7,7,7,7,7,4,5,5,4,4,2,7,7,4,7,1,7,7,6,7,4,6,4,4,4,3,7,7,4,7
"287",8,7,7,7,6,7,7,7,7,1,5,5,4,4,4,7,1,7,3,6,7,7,6,7,6,6,7,6,5,4,7
"288",8,5,6,6,5,5,5,5,4,3,4,2,4,6,6,7,5,5,5,5,6,6,6,6,4,4,3,3,6,6,7
"289",8,5,7,3,5,1,2,3,1,6,6,7,3,7,4,5,5,6,5,5,5,1,2,3,5,2,7,3,5,4,1
"290",8,1,7,3,6,1,6,6,2,3,4,6,7,6,2,4,6,5,4,6,1,4,2,1,2,3,1,2,1,6,7
"291",8,6,7,5,4,6,6,7,7,6,7,3,5,6,2,3,7,5,3,2,7,6,2,5,5,6,3,5,3,7,3
"292",8,3,2,1,4,7,5,7,7,5,6,2,2,3,6,7,2,4,5,7,6,7,5,7,6,3,2,5,5,6,4
"293",8,7,7,7,5,6,2,7,4,2,6,6,4,7,6,5,7,7,7,7,7,2,7,2,3,5,4,4,7,6,5
"294",8,2,3,2,5,5,5,6,4,2,3,2,6,2,2,5,6,6,6,5,3,3,3,2,7,4,3,6,4,6,2
"295",8,7,7,7,6,6,7,6,5,4,6,4,3,5,3,6,7,7,7,7,7,7,7,7,5,5,4,4,5,6,7
"296",8,3,6,7,7,7,1,5,7,5,3,6,7,7,6,7,3,7,1,7,7,6,3,7,3,3,6,5,1,1,6
"297",8,3,2,3,4,5,2,5,5,2,3,3,5,2,2,7,4,2,2,3,2,4,5,6,3,4,4,5,3,2,5
"298",8,2,3,4,6,5,4,7,6,3,4,2,5,4,2,5,4,5,5,4,4,1,2,2,7,6,4,6,5,6,3
"299",8,7,7,7,4,4,1,1,1,4,4,1,1,7,1,7,4,4,7,4,4,1,4,1,1,1,1,1,4,1,7
"300",8,7,7,7,7,7,6,7,6,4,4,4,6,7,7,5,7,6,7,5,7,7,7,7,7,7,7,7,7,7,7
"301",8,3,3,6,2,2,1,2,1,2,4,2,1,6,6,1,5,4,4,4,4,1,2,1,2,2,2,4,5,4,1
"302",8,4,2,3,5,4,6,6,5,4,3,2,4,3,2,4,4,4,4,6,4,3,3,3,5,5,3,6,4,6,2
"303",8,3,2,1,6,5,4,5,6,3,2,1,6,1,2,5,6,6,6,4,3,1,3,2,6,5,2,6,5,7,3
"304",8,1,2,3,4,3,2,3,4,3,2,1,6,3,4,3,5,7,3,5,2,4,4,1,5,6,6,3,4,4,2
"305",8,6,6,6,6,6,5,4,5,4,5,4,5,5,5,5,5,6,6,6,6,5,6,5,4,5,4,6,5,6,5
"306",8,6,6,6,7,7,6,5,5,6,7,6,5,7,7,3,7,7,6,7,7,7,6,5,5,6,6,6,7,7,5
"307",8,6,6,6,6,6,4,5,5,4,5,3,2,5,6,3,6,6,6,6,5,4,5,5,4,3,3,3,5,5,3
"308",8,1,1,1,1,3,1,6,5,3,1,2,1,2,5,1,7,3,1,2,6,2,5,3,5,1,3,1,3,3,1
"309",8,7,7,7,7,7,4,5,5,4,4,2,5,7,7,2,7,7,7,6,7,4,6,5,4,1,1,5,7,7,1
"310",8,3,4,4,6,6,5,4,4,3,4,3,4,3,4,5,5,5,4,6,6,4,4,5,4,4,4,4,4,4,3
"311",8,7,7,7,7,7,7,7,7,4,4,3,5,7,7,6,1,7,7,7,7,7,1,7,4,4,4,5,6,7,7
"312",8,2,7,6,6,6,4,3,2,6,4,5,5,6,5,5,5,5,4,5,5,4,5,5,3,4,3,5,3,5,3
"313",8,2,3,1,5,6,7,7,5,2,2,1,5,2,2,7,6,5,6,5,4,2,4,3,4,6,2,7,7,7,1
"314",8,2,4,2,6,5,7,7,6,3,3,2,6,3,2,7,5,5,5,6,4,3,2,3,6,6,3,6,5,7,5
"315",8,3,4,2,5,5,7,4,5,2,3,2,4,3,3,6,3,4,3,5,7,6,6,5,3,3,4,1,2,2,6
"316",8,6,6,6,7,7,7,4,7,2,4,4,4,7,7,7,7,4,4,7,7,4,4,7,6,4,4,7,7,4,7
"317",8,2,3,2,5,7,6,7,6,3,2,3,7,2,3,7,7,6,7,6,1,2,3,2,6,7,2,5,7,7,3
"318",8,2,3,2,5,7,6,7,5,3,3,2,6,2,2,6,6,6,6,6,1,3,3,2,6,5,1,4,5,6,3
"319",8,7,7,7,4,7,1,2,2,4,4,6,1,7,7,7,7,4,7,4,7,6,6,6,4,5,6,4,7,7,7
"320",9,5,5,5,5,5,5,5,5,4,4,4,4,4,5,4,5,5,5,5,6,6,4,6,4,4,4,4,4,4,6
"321",9,6,5,6,5,5,2,3,2,3,3,3,1,5,2,2,6,6,5,5,4,3,3,2,2,3,2,3,3,3,3
"322",9,3,2,5,6,5,7,5,6,4,1,2,7,3,1,6,7,3,6,5,2,3,1,2,5,7,1,6,5,6,4
"323",9,7,7,7,7,7,4,5,5,5,6,4,2,7,7,4,1,7,7,5,7,7,7,7,4,2,5,1,7,7,7
"324",9,3,4,2,4,6,4,5,7,3,1,2,4,3,2,5,4,5,6,6,2,5,4,3,5,4,3,4,5,7,2
"325",9,1,3,7,7,7,7,6,7,3,4,4,5,7,7,7,1,7,6,7,7,6,6,7,5,5,6,4,6,4,5
"326",9,7,7,7,7,7,6,5,3,5,6,5,5,7,7,7,7,7,7,7,7,3,4,5,6,6,6,7,7,7,7
"327",9,2,3,2,5,4,5,6,5,2,1,2,5,2,2,7,6,4,6,6,1,3,3,3,4,6,3,6,5,4,2
"328",9,5,5,5,5,7,6,5,6,5,5,5,5,6,5,6,6,5,5,6,1,6,5,6,6,5,6,5,5,5,6
"329",9,5,5,3,6,7,4,7,5,4,4,4,4,3,3,5,4,5,3,5,5,4,1,4,4,3,4,5,4,4,5
"330",9,4,4,4,4,4,4,4,4,4,4,4,4,4,4,4,4,4,4,4,4,4,4,4,4,4,4,4,4,4,4
"331",9,5,6,6,5,4,3,5,5,4,3,2,3,5,6,2,6,6,5,5,5,3,6,5,3,2,2,3,5,6,2
"332",9,3,2,3,6,5,5,6,5,2,3,2,5,2,3,6,6,6,5,6,3,3,2,2,6,5,2,6,5,5,3
"333",9,7,7,6,7,7,4,5,7,4,5,2,4,7,7,7,6,7,6,6,7,6,6,6,5,4,4,5,6,6,6
"334",9,4,5,3,5,6,1,3,3,4,5,6,5,7,4,4,4,4,1,5,7,3,4,5,4,4,4,5,7,4,4
"335",9,7,7,6,7,7,7,7,7,7,7,6,1,7,7,7,7,7,1,7,7,7,7,7,7,1,7,1,7,6,7
"336",9,7,7,7,7,6,7,6,7,7,1,2,1,7,7,7,7,7,7,7,7,7,1,7,7,6,7,1,7,7,6
"337",9,3,4,2,5,6,4,5,3,3,4,2,5,2,4,7,6,6,5,6,4,6,5,5,5,5,4,6,4,6,4
"338",9,7,7,7,7,7,2,2,2,4,4,1,5,6,7,6,7,7,6,7,7,4,2,6,6,2,1,6,7,1,6
"339",9,3,2,1,3,4,6,7,5,5,1,2,4,3,6,6,6,6,6,5,1,1,6,4,5,6,4,6,4,7,3
"340",9,2,1,2,7,6,7,6,7,2,1,2,6,1,2,7,6,6,6,6,1,1,1,2,6,7,1,6,7,6,2
"341",9,3,2,3,6,5,4,5,6,2,3,2,5,3,2,5,5,5,5,5,4,2,2,3,6,6,2,5,6,5,2
"342",9,7,7,7,7,7,7,7,7,7,7,7,1,7,7,7,1,7,1,7,7,7,7,7,7,6,2,7,1,7,1
"343",9,7,7,7,7,7,6,7,6,6,7,6,4,7,7,7,7,7,7,6,6,7,7,6,7,7,6,4,7,7,7
"344",9,3,2,3,6,5,6,5,6,3,2,3,6,3,2,5,5,6,6,5,3,2,3,3,6,5,3,5,6,6,2
"345",9,1,2,3,4,3,4,5,6,1,2,3,4,5,6,7,6,7,5,7,2,1,1,5,3,5,1,4,6,6,2
"346",9,1,4,3,7,6,4,7,6,4,3,1,7,3,1,6,5,5,5,6,1,5,4,1,6,4,1,5,7,4,4
"347",9,6,7,6,5,4,3,2,4,6,5,2,2,6,5,2,3,6,6,5,5,2,4,4,3,3,2,3,6,6,3
"348",9,5,4,4,3,6,5,4,5,3,5,4,4,6,4,5,4,6,3,6,5,4,4,4,3,5,3,3,5,5,5
"349",9,2,1,1,6,6,7,7,6,3,2,1,6,3,2,6,7,7,6,6,3,3,1,1,6,7,2,7,6,6,2
"350",9,6,6,6,5,6,3,4,3,4,5,5,2,4,1,6,5,6,6,5,6,2,5,3,2,3,4,2,4,1,6
"351",9,2,3,2,5,6,5,6,5,2,3,2,5,2,3,6,6,5,5,5,2,3,2,2,5,6,2,4,5,5,3
"352",9,7,7,7,5,6,4,4,3,5,6,4,5,5,5,6,7,6,6,6,7,4,4,4,1,1,4,6,6,5,7
"353",9,6,5,6,6,6,5,5,6,3,4,2,5,5,5,5,6,5,5,6,5,5,6,6,5,4,4,5,6,6,6
"354",9,3,4,3,6,5,5,6,5,4,3,4,5,3,2,4,5,6,5,5,4,3,2,3,5,5,4,6,5,5,2
"355",10,1,1,1,7,7,7,7,7,1,1,1,7,1,1,7,7,7,7,7,1,1,1,1,7,7,1,7,7,7,1
"356",10,5,5,3,5,6,3,4,5,4,3,2,4,5,5,2,4,5,4,5,5,3,4,5,4,3,2,4,3,5,6
"357",10,2,3,4,3,7,6,5,4,2,3,4,3,2,4,4,5,4,5,3,3,4,2,3,4,5,4,3,5,5,5
"358",10,4,3,4,5,6,5,4,4,3,5,4,5,4,4,5,6,6,4,6,4,3,2,4,5,6,5,4,5,4,3
"359",10,3,3,4,5,5,4,4,5,4,3,3,5,3,4,4,5,4,4,6,6,4,4,4,5,4,4,5,6,4,4
"360",10,6,5,5,5,6,6,5,5,3,5,7,1,6,3,7,5,5,3,5,7,5,5,6,6,6,7,1,3,3,7
"361",10,7,7,6,7,7,6,7,6,7,6,7,7,2,1,7,5,7,6,7,2,7,7,7,7,1,7,1,1,7,1
"362",10,3,6,6,6,6,5,2,6,3,2,6,6,5,2,5,2,6,6,6,2,6,5,6,5,3,3,6,3,5,4
"363",10,3,2,3,6,5,3,6,6,2,2,3,6,3,2,6,6,5,4,5,5,3,5,2,6,5,2,3,4,6,4
"364",10,4,7,4,4,5,1,1,1,4,7,7,1,7,7,6,4,4,4,1,4,1,1,1,1,7,7,1,7,5,6
"365",10,1,2,1,5,7,6,7,6,1,3,1,5,2,3,7,7,7,7,6,2,3,2,1,7,5,2,7,5,7,2
"366",10,7,7,7,6,7,7,7,7,3,5,7,6,6,7,7,7,7,7,6,7,7,7,7,6,6,7,6,7,7,7
"367",10,6,6,6,5,5,4,5,5,4,5,4,5,5,6,4,6,5,5,5,6,5,4,2,4,3,4,5,5,5,6
"368",10,5,7,7,7,7,5,7,5,7,5,2,3,6,1,5,7,6,6,6,7,7,7,6,6,6,1,5,6,2,6
"369",10,5,6,4,4,4,4,5,4,3,3,3,4,2,2,6,3,3,3,6,5,5,3,3,3,5,5,3,3,3,3
"370",10,6,7,6,5,5,2,4,4,2,3,2,3,6,6,4,6,7,6,5,5,3,5,4,4,3,2,3,6,7,4
"371",10,7,6,7,7,7,6,7,6,7,6,7,2,7,7,6,2,7,7,6,7,7,7,7,6,1,7,1,7,7,7
"372",10,7,7,7,6,5,5,6,6,4,4,3,2,6,5,6,6,6,6,6,6,5,6,6,4,3,5,3,6,6,6
"373",10,7,6,6,7,7,7,7,7,2,3,2,3,5,5,7,7,6,6,7,7,7,7,7,4,4,2,4,5,5,6
"374",10,7,7,7,7,7,2,4,2,3,5,5,1,7,7,5,1,7,7,7,7,3,6,3,4,4,5,1,7,7,5
"375",10,7,6,7,7,7,7,6,7,2,7,7,2,7,7,7,6,1,7,7,7,7,7,7,7,7,7,1,7,7,7
"376",10,7,3,3,7,7,7,7,7,6,7,3,5,3,3,3,5,3,3,7,7,7,7,7,6,5,3,5,3,2,3
"377",10,7,7,7,7,7,6,7,7,1,1,3,5,6,6,7,7,7,7,7,7,7,7,7,6,7,4,3,3,7,7
"378",10,5,6,5,4,4,3,3,4,4,4,3,4,5,5,4,5,5,5,5,5,5,5,5,5,4,3,4,5,5,5
"379",10,4,4,4,4,3,3,4,4,4,4,4,3,5,5,4,4,4,4,4,3,3,4,4,3,4,4,3,3,5,4
"380",10,1,3,4,6,7,6,4,7,3,5,3,6,1,2,5,7,6,5,4,1,5,4,1,6,5,2,5,7,7,2
"381",10,2,1,4,7,6,5,5,4,3,2,3,4,2,3,4,2,6,2,7,4,5,3,6,6,4,2,4,2,4,6
"382",10,2,1,3,7,7,6,7,5,2,1,2,5,1,2,7,5,7,5,7,2,1,2,1,5,5,1,5,6,6,2
"383",10,4,4,4,4,4,6,7,6,6,7,7,6,7,6,7,4,4,4,4,4,7,6,7,4,7,7,6,7,6,7
"384",10,7,7,7,7,7,7,7,7,4,3,7,1,7,7,6,1,7,7,7,7,6,7,7,6,7,7,6,7,7,4
"385",10,3,2,3,6,7,5,6,7,2,3,1,6,3,1,7,6,7,6,5,3,1,1,3,7,5,1,6,4,6,3
"386",10,4,4,4,5,5,5,5,5,3,3,4,5,4,4,5,4,4,4,5,4,3,5,3,4,5,4,5,4,4,4
"387",10,6,7,7,7,7,5,5,2,4,7,3,4,6,5,1,1,5,5,6,7,4,6,5,3,7,1,5,6,4,1
"388",10,6,7,7,7,7,7,7,7,7,7,7,7,7,7,7,7,7,7,7,7,7,7,7,7,7,7,7,7,7,7
"389",10,2,4,2,5,5,5,4,5,4,2,3,7,1,2,4,4,4,6,6,5,2,3,2,6,5,3,5,4,4,3
"390",10,2,3,4,6,5,7,6,5,4,2,3,7,2,3,4,4,4,4,6,1,1,3,2,6,5,3,6,5,5,3
"391",10,6,6,6,5,6,3,4,3,4,5,5,2,4,1,6,5,6,6,5,6,2,5,3,2,3,4,2,4,1,6
